{
  "label": "baseline",
  "device": "NVIDIA H100 80GB HBM3",
  "torch": "2.11.0+cu130",
  "cuda": "13.0",
  "env_fwd": null,
  "env_bkv": null,
  "env_bq": null,
  "rounds": 6,
  "iters_per_round": 100,
  "results": [
    {
      "shape": [
        4,
        2048,
        8,
        4,
        64
      ],
      "backends": {
        "whale_fast": {
          "fwd_mean_ms": 0.07988736008604368,
          "fwd_std_ms": 0.0007633907553016004,
          "fb_mean_ms": 0.4637372794250647,
          "fb_std_ms": 0.007910491199441585
        },
        "fa3": {
          "fwd_mean_ms": 0.09085936019817989,
          "fwd_std_ms": 0.003667371240178115,
          "fb_mean_ms": 0.4090728534261385,
          "fb_std_ms": 0.012670057359407228
        }
      }
    }
  ]
}