{
  "label": "definitive_2,2048,8,4,128",
  "device": "NVIDIA H100 80GB HBM3",
  "torch": "2.11.0+cu130",
  "cuda": "13.0",
  "env_fwd": null,
  "env_bkv": null,
  "env_bq": null,
  "rounds": 15,
  "iters_per_round": 300,
  "results": [
    {
      "shape": [
        2,
        2048,
        8,
        4,
        128
      ],
      "backends": {
        "whale_fast": {
          "fwd_mean_ms": 0.07276173506014877,
          "fwd_std_ms": 0.0021318480863129464,
          "fb_mean_ms": 0.42748540429936516,
          "fb_std_ms": 0.007149117885883378
        },
        "fa3": {
          "fwd_mean_ms": 0.10884012136525578,
          "fwd_std_ms": 0.07517840088897829,
          "fb_mean_ms": 0.39867237693071367,
          "fb_std_ms": 0.01981122578052988
        }
      }
    }
  ]
}