{
  "label": "definitive_4,2048,16,16,64",
  "device": "NVIDIA H100 80GB HBM3",
  "torch": "2.11.0+cu130",
  "cuda": "13.0",
  "env_fwd": null,
  "env_bkv": null,
  "env_bq": null,
  "rounds": 15,
  "iters_per_round": 300,
  "results": [
    {
      "shape": [
        4,
        2048,
        16,
        16,
        64
      ],
      "backends": {
        "whale_fast": {
          "fwd_mean_ms": 0.13632455817527242,
          "fwd_std_ms": 0.0024557543603581076,
          "fb_mean_ms": 0.5597977601024839,
          "fb_std_ms": 0.0015324349148670086
        },
        "fa3": {
          "fwd_mean_ms": 0.09334937600791454,
          "fwd_std_ms": 0.00039214073422088447,
          "fb_mean_ms": 0.3545620194474856,
          "fb_std_ms": 0.018804712367600382
        }
      }
    }
  ]
}