{
  "label": "definitive_4,4096,8,4,64",
  "device": "NVIDIA H100 80GB HBM3",
  "torch": "2.11.0+cu130",
  "cuda": "13.0",
  "env_fwd": null,
  "env_bkv": null,
  "env_bq": null,
  "rounds": 15,
  "iters_per_round": 300,
  "results": [
    {
      "shape": [
        4,
        4096,
        8,
        4,
        64
      ],
      "backends": {
        "whale_fast": {
          "fwd_mean_ms": 0.25959143116407923,
          "fwd_std_ms": 0.0025235518326196895,
          "fb_mean_ms": 0.9199225808779399,
          "fb_std_ms": 0.00425440980228425
        },
        "fa3": {
          "fwd_mean_ms": 0.15575820075803332,
          "fwd_std_ms": 0.0016884420837848292,
          "fb_mean_ms": 0.6044399221738179,
          "fb_std_ms": 0.005414472348073942
        }
      }
    }
  ]
}