{
  "label": "definitive_4,2048,8,8,64",
  "device": "NVIDIA H100 80GB HBM3",
  "torch": "2.11.0+cu130",
  "cuda": "13.0",
  "env_fwd": null,
  "env_bkv": null,
  "env_bq": null,
  "rounds": 15,
  "iters_per_round": 300,
  "results": [
    {
      "shape": [
        4,
        2048,
        8,
        8,
        64
      ],
      "backends": {
        "whale_fast": {
          "fwd_mean_ms": 0.07903078394797113,
          "fwd_std_ms": 0.00021701111910731586,
          "fb_mean_ms": 0.35103394843472374,
          "fb_std_ms": 0.006762903537903087
        },
        "fa3": {
          "fwd_mean_ms": 0.08938402133517795,
          "fwd_std_ms": 0.0014445648324851235,
          "fb_mean_ms": 0.3246535110010041,
          "fb_std_ms": 0.006089515222503883
        }
      }
    }
  ]
}