{
  "label": "definitive_4,1024,8,4,64",
  "device": "NVIDIA H100 80GB HBM3",
  "torch": "2.11.0+cu130",
  "cuda": "13.0",
  "env_fwd": null,
  "env_bkv": null,
  "env_bq": null,
  "rounds": 15,
  "iters_per_round": 300,
  "results": [
    {
      "shape": [
        4,
        1024,
        8,
        4,
        64
      ],
      "backends": {
        "whale_fast": {
          "fwd_mean_ms": 0.07109150577667686,
          "fwd_std_ms": 0.0022234151378608623,
          "fb_mean_ms": 0.3439204407731692,
          "fb_std_ms": 0.004003369626783652
        },
        "fa3": {
          "fwd_mean_ms": 0.085128312860926,
          "fwd_std_ms": 0.002205749682541085,
          "fb_mean_ms": 0.34207526381810505,
          "fb_std_ms": 0.005960662115417332
        }
      }
    }
  ]
}