{
  "label": "definitive_2,8192,8,4,64",
  "device": "NVIDIA H100 80GB HBM3",
  "torch": "2.11.0+cu130",
  "cuda": "13.0",
  "env_fwd": null,
  "env_bkv": null,
  "env_bq": null,
  "rounds": 15,
  "iters_per_round": 300,
  "results": [
    {
      "shape": [
        2,
        8192,
        8,
        4,
        64
      ],
      "backends": {
        "whale_fast": {
          "fwd_mean_ms": 0.49890167480044895,
          "fwd_std_ms": 0.001559915393495309,
          "fb_mean_ms": 1.7391471150451236,
          "fb_std_ms": 0.003484668658186088
        },
        "fa3": {
          "fwd_mean_ms": 0.27718175274133683,
          "fwd_std_ms": 0.00658142083332442,
          "fb_mean_ms": 1.064992569314109,
          "fb_std_ms": 0.007774955990081656
        }
      }
    }
  ]
}