{
  "label": "definitive_4,2048,8,4,64",
  "device": "NVIDIA H100 80GB HBM3",
  "torch": "2.11.0+cu130",
  "cuda": "13.0",
  "env_fwd": null,
  "env_bkv": null,
  "env_bq": null,
  "rounds": 15,
  "iters_per_round": 300,
  "results": [
    {
      "shape": [
        4,
        2048,
        8,
        4,
        64
      ],
      "backends": {
        "whale_fast": {
          "fwd_mean_ms": 0.0788844443940454,
          "fwd_std_ms": 0.0002933406597716256,
          "fb_mean_ms": 0.3922751074565782,
          "fb_std_ms": 0.0283317036308288
        },
        "fa3": {
          "fwd_mean_ms": 0.09509427912864421,
          "fwd_std_ms": 0.0015831662537838247,
          "fb_mean_ms": 0.387026901351081,
          "fb_std_ms": 0.024233605333026074
        }
      }
    }
  ]
}