{
  "label": "bm64_bn64_w4_s2_mr128",
  "device": "NVIDIA H100 80GB HBM3",
  "torch": "2.11.0+cu130",
  "cuda": "13.0",
  "env_fwd": null,
  "env_bkv": "64,64,4,2",
  "env_bq": null,
  "rounds": 6,
  "iters_per_round": 80,
  "results": [
    {
      "shape": [
        4,
        2048,
        8,
        4,
        64
      ],
      "backends": {
        "whale_fast": {
          "fwd_mean_ms": 0.0803911332351466,
          "fwd_std_ms": 0.000533043097222249,
          "fb_mean_ms": 0.4592576666424672,
          "fb_std_ms": 0.0025638007228423465
        },
        "fa3": {
          "fwd_mean_ms": 0.09164146683178842,
          "fwd_std_ms": 0.0025836949151408157,
          "fb_mean_ms": 0.3526820667088032,
          "fb_std_ms": 0.006627652526350578
        }
      }
    }
  ]
}