{
  "label": "bm64_bn128_w4_s3_mr224",
  "device": "NVIDIA H100 80GB HBM3",
  "torch": "2.11.0+cu130",
  "cuda": "13.0",
  "env_fwd": null,
  "env_bkv": "64,128,4,3",
  "env_bq": null,
  "rounds": 6,
  "iters_per_round": 80,
  "results": [
    {
      "shape": [
        4,
        2048,
        8,
        4,
        64
      ],
      "backends": {
        "whale_fast": {
          "fwd_mean_ms": 0.08000533330875138,
          "fwd_std_ms": 0.0003415028953218759,
          "fb_mean_ms": 0.45285359993577,
          "fb_std_ms": 0.0011323932801578908
        },
        "fa3": {
          "fwd_mean_ms": 0.09310406683944165,
          "fwd_std_ms": 0.0034955329991225117,
          "fb_mean_ms": 0.35719659974177675,
          "fb_std_ms": 0.011843221491439775
        }
      }
    }
  ]
}