{
  "label": "bm64_bn64_w4_s4_mr160",
  "device": "NVIDIA H100 80GB HBM3",
  "torch": "2.11.0+cu130",
  "cuda": "13.0",
  "env_fwd": null,
  "env_bkv": "64,64,4,4",
  "env_bq": null,
  "rounds": 6,
  "iters_per_round": 80,
  "results": [
    {
      "shape": [
        4,
        2048,
        8,
        4,
        64
      ],
      "backends": {
        "whale_fast": {
          "fwd_mean_ms": 0.09010626645758749,
          "fwd_std_ms": 0.015374295111353582,
          "fb_mean_ms": 0.573330267642935,
          "fb_std_ms": 0.001380578793760355
        },
        "fa3": {
          "fwd_mean_ms": 0.11256073326803744,
          "fwd_std_ms": 0.026052047926833802,
          "fb_mean_ms": 0.3943903335680564,
          "fb_std_ms": 0.054718991268726806
        }
      }
    }
  ]
}