{
  "label": "bm64_bn128_w4_s3_mr160",
  "device": "NVIDIA H100 80GB HBM3",
  "torch": "2.11.0+cu130",
  "cuda": "13.0",
  "env_fwd": null,
  "env_bkv": "64,128,4,3",
  "env_bq": null,
  "rounds": 6,
  "iters_per_round": 80,
  "results": [
    {
      "shape": [
        4,
        2048,
        8,
        4,
        64
      ],
      "backends": {
        "whale_fast": {
          "fwd_mean_ms": 0.08015626679795483,
          "fwd_std_ms": 0.00041971408571169844,
          "fb_mean_ms": 0.6276366012791792,
          "fb_std_ms": 0.0008486748049161258
        },
        "fa3": {
          "fwd_mean_ms": 0.09902413344631593,
          "fwd_std_ms": 0.002214066386147658,
          "fb_mean_ms": 0.36206340019901595,
          "fb_std_ms": 0.00478969501992091
        }
      }
    }
  ]
}