{
  "label": "bm64_bn64_w4_s4_mr128",
  "device": "NVIDIA H100 80GB HBM3",
  "torch": "2.11.0+cu130",
  "cuda": "13.0",
  "env_fwd": null,
  "env_bkv": "64,64,4,4",
  "env_bq": null,
  "rounds": 6,
  "iters_per_round": 80,
  "results": [
    {
      "shape": [
        4,
        2048,
        8,
        4,
        64
      ],
      "backends": {
        "whale_fast": {
          "fwd_mean_ms": 0.0800079999336352,
          "fwd_std_ms": 0.0006518957207949268,
          "fb_mean_ms": 0.560045733799537,
          "fb_std_ms": 0.0022769066690919697
        },
        "fa3": {
          "fwd_mean_ms": 0.09987733315986891,
          "fwd_std_ms": 0.009459071732899381,
          "fb_mean_ms": 0.3733278668175141,
          "fb_std_ms": 0.03260011023274576
        }
      }
    }
  ]
}