{
  "label": "bm128_bn128_w4_s3_mr224",
  "device": "NVIDIA H100 80GB HBM3",
  "torch": "2.11.0+cu130",
  "cuda": "13.0",
  "env_fwd": null,
  "env_bkv": "128,128,4,3",
  "env_bq": null,
  "rounds": 6,
  "iters_per_round": 80,
  "results": [
    {
      "shape": [
        4,
        2048,
        8,
        4,
        64
      ],
      "backends": {
        "whale_fast": {
          "fwd_mean_ms": 0.08074853331781924,
          "fwd_std_ms": 0.001088415832450886,
          "fb_mean_ms": 0.603263733908534,
          "fb_std_ms": 0.0013581652369975266
        },
        "fa3": {
          "fwd_mean_ms": 0.10002520017636318,
          "fwd_std_ms": 0.003143820693863107,
          "fb_mean_ms": 0.41647853335986534,
          "fb_std_ms": 0.002941511001593389
        }
      }
    }
  ]
}