{
  "label": "bm64_bn64_w4_s2_mr224",
  "device": "NVIDIA H100 80GB HBM3",
  "torch": "2.11.0+cu130",
  "cuda": "13.0",
  "env_fwd": null,
  "env_bkv": "64,64,4,2",
  "env_bq": null,
  "rounds": 6,
  "iters_per_round": 80,
  "results": [
    {
      "shape": [
        4,
        2048,
        8,
        4,
        64
      ],
      "backends": {
        "whale_fast": {
          "fwd_mean_ms": 0.08155286670662462,
          "fwd_std_ms": 0.001861345886869377,
          "fb_mean_ms": 0.37032353300601245,
          "fb_std_ms": 0.003770292803045116
        },
        "fa3": {
          "fwd_mean_ms": 0.09592766671751937,
          "fwd_std_ms": 0.003200564792476261,
          "fb_mean_ms": 0.37291033336271845,
          "fb_std_ms": 0.010664456615280368
        }
      }
    }
  ]
}