{
  "label": "bm128_bn64_w4_s3_mr224",
  "device": "NVIDIA H100 80GB HBM3",
  "torch": "2.11.0+cu130",
  "cuda": "13.0",
  "env_fwd": null,
  "env_bkv": "128,64,4,3",
  "env_bq": null,
  "rounds": 6,
  "iters_per_round": 80,
  "results": [
    {
      "shape": [
        4,
        2048,
        8,
        4,
        64
      ],
      "backends": {
        "whale_fast": {
          "fwd_mean_ms": 0.08056866650780042,
          "fwd_std_ms": 0.0002584122296496253,
          "fb_mean_ms": 0.5912147996326288,
          "fb_std_ms": 0.0006566434472273516
        },
        "fa3": {
          "fwd_mean_ms": 0.09268906676831346,
          "fwd_std_ms": 0.004103709343658662,
          "fb_mean_ms": 0.35708646662533283,
          "fb_std_ms": 0.0023699077105954103
        }
      }
    }
  ]
}