{
  "label": "bm64_bn64_w8_s3_mr224",
  "device": "NVIDIA H100 80GB HBM3",
  "torch": "2.11.0+cu130",
  "cuda": "13.0",
  "env_fwd": null,
  "env_bkv": "64,64,8,3",
  "env_bq": null,
  "rounds": 6,
  "iters_per_round": 80,
  "results": [
    {
      "shape": [
        4,
        2048,
        8,
        4,
        64
      ],
      "backends": {
        "whale_fast": {
          "fwd_mean_ms": 0.0799472666811198,
          "fwd_std_ms": 0.0004255219159217379,
          "fb_mean_ms": 0.4916079993049304,
          "fb_std_ms": 0.0010539995789202797
        },
        "fa3": {
          "fwd_mean_ms": 0.09101446669859191,
          "fwd_std_ms": 0.002289365907829333,
          "fb_mean_ms": 0.3558525996903579,
          "fb_std_ms": 0.006256791669907735
        }
      }
    }
  ]
}