{
  "label": "bm64_bn128_w8_s3_mr128",
  "device": "NVIDIA H100 80GB HBM3",
  "torch": "2.11.0+cu130",
  "cuda": "13.0",
  "env_fwd": null,
  "env_bkv": "64,128,8,3",
  "env_bq": null,
  "rounds": 6,
  "iters_per_round": 80,
  "results": [
    {
      "shape": [
        4,
        2048,
        8,
        4,
        64
      ],
      "backends": {
        "whale_fast": {
          "fwd_mean_ms": 0.08076933316575985,
          "fwd_std_ms": 0.0004301844128290888,
          "fb_mean_ms": 0.8411841329187155,
          "fb_std_ms": 0.001471380774815715
        },
        "fa3": {
          "fwd_mean_ms": 0.0972044668160379,
          "fwd_std_ms": 0.005404301272232054,
          "fb_mean_ms": 0.36565326638519763,
          "fb_std_ms": 0.007850880799230006
        }
      }
    }
  ]
}