{
  "label": "bm64_bn128_w4_s4_mr128",
  "device": "NVIDIA H100 80GB HBM3",
  "torch": "2.11.0+cu130",
  "cuda": "13.0",
  "env_fwd": null,
  "env_bkv": "64,128,4,4",
  "env_bq": null,
  "rounds": 6,
  "iters_per_round": 80,
  "results": [
    {
      "shape": [
        4,
        2048,
        8,
        4,
        64
      ],
      "backends": {
        "whale_fast": {
          "fwd_mean_ms": 0.08088086664987107,
          "fwd_std_ms": 0.001000149747988404,
          "fb_mean_ms": 0.9464244652539492,
          "fb_std_ms": 0.0013929654961184308
        },
        "fa3": {
          "fwd_mean_ms": 0.09694393326838811,
          "fwd_std_ms": 0.003659898631961773,
          "fb_mean_ms": 0.35769619966546695,
          "fb_std_ms": 0.007916528952995067
        }
      }
    }
  ]
}