{
  "label": "bm64_bn64_w4_s4_mr224",
  "device": "NVIDIA H100 80GB HBM3",
  "torch": "2.11.0+cu130",
  "cuda": "13.0",
  "env_fwd": null,
  "env_bkv": "64,64,4,4",
  "env_bq": null,
  "rounds": 6,
  "iters_per_round": 80,
  "results": [
    {
      "shape": [
        4,
        2048,
        8,
        4,
        64
      ],
      "backends": {
        "whale_fast": {
          "fwd_mean_ms": 0.08051600010755161,
          "fwd_std_ms": 0.0007494720976751496,
          "fb_mean_ms": 0.3609966664885481,
          "fb_std_ms": 0.0013738184861508292
        },
        "fa3": {
          "fwd_mean_ms": 0.09700766662135721,
          "fwd_std_ms": 0.003594221981241371,
          "fb_mean_ms": 0.35818653299162784,
          "fb_std_ms": 0.005882232452612507
        }
      }
    }
  ]
}