{
  "label": "bm128_bn128_w4_s3_mr160",
  "device": "NVIDIA H100 80GB HBM3",
  "torch": "2.11.0+cu130",
  "cuda": "13.0",
  "env_fwd": null,
  "env_bkv": "128,128,4,3",
  "env_bq": null,
  "rounds": 6,
  "iters_per_round": 80,
  "results": [
    {
      "shape": [
        4,
        2048,
        8,
        4,
        64
      ],
      "backends": {
        "whale_fast": {
          "fwd_mean_ms": 0.08142493329942227,
          "fwd_std_ms": 0.002400833154945639,
          "fb_mean_ms": 0.7623485337942839,
          "fb_std_ms": 0.0005551278149986147
        },
        "fa3": {
          "fwd_mean_ms": 0.09767340013446907,
          "fwd_std_ms": 0.0038485846673802586,
          "fb_mean_ms": 0.35955993334452313,
          "fb_std_ms": 0.0076072181656366795
        }
      }
    }
  ]
}