{
  "label": "bm64_bn64_w4_s3_mr192",
  "device": "NVIDIA H100 80GB HBM3",
  "torch": "2.11.0+cu130",
  "cuda": "13.0",
  "env_fwd": null,
  "env_bkv": "64,64,4,3",
  "env_bq": null,
  "rounds": 6,
  "iters_per_round": 80,
  "results": [
    {
      "shape": [
        4,
        2048,
        8,
        4,
        64
      ],
      "backends": {
        "whale_fast": {
          "fwd_mean_ms": 0.08039933329758545,
          "fwd_std_ms": 0.0004673376314619547,
          "fb_mean_ms": 0.3642549330368638,
          "fb_std_ms": 0.003575261670583068
        },
        "fa3": {
          "fwd_mean_ms": 0.0955345999604712,
          "fwd_std_ms": 0.0026198456807356896,
          "fb_mean_ms": 0.3671408665676912,
          "fb_std_ms": 0.013821168175882798
        }
      }
    }
  ]
}