{
  "label": "bm64_bn128_w8_s3_mr192",
  "device": "NVIDIA H100 80GB HBM3",
  "torch": "2.11.0+cu130",
  "cuda": "13.0",
  "env_fwd": null,
  "env_bkv": "64,128,8,3",
  "env_bq": null,
  "rounds": 6,
  "iters_per_round": 80,
  "results": [
    {
      "shape": [
        4,
        2048,
        8,
        4,
        64
      ],
      "backends": {
        "whale_fast": {
          "fwd_mean_ms": 0.08069486661503712,
          "fwd_std_ms": 0.0008281222428113895,
          "fb_mean_ms": 0.9137721282740434,
          "fb_std_ms": 0.36662350023980705
        },
        "fa3": {
          "fwd_mean_ms": 0.09769126679748297,
          "fwd_std_ms": 0.00233209878994937,
          "fb_mean_ms": 0.37145679965615275,
          "fb_std_ms": 0.012336284328685108
        }
      }
    }
  ]
}