{
  "label": "bm64_bn64_w4_s4_mr0",
  "device": "NVIDIA H100 80GB HBM3",
  "torch": "2.11.0+cu130",
  "cuda": "13.0",
  "env_fwd": null,
  "env_bkv": "64,64,4,4",
  "env_bq": null,
  "rounds": 6,
  "iters_per_round": 80,
  "results": [
    {
      "shape": [
        4,
        2048,
        8,
        4,
        64
      ],
      "backends": {
        "whale_fast": {
          "fwd_mean_ms": 0.08003659996514519,
          "fwd_std_ms": 0.000515109664705364,
          "fb_mean_ms": 0.42123913324127593,
          "fb_std_ms": 0.007590091715658596
        },
        "fa3": {
          "fwd_mean_ms": 0.09346366661290328,
          "fwd_std_ms": 0.0011048731732842918,
          "fb_mean_ms": 0.3952473996828,
          "fb_std_ms": 0.009224742368366106
        }
      }
    }
  ]
}