{
  "label": "bm64_bn128_w4_s4_mr160",
  "device": "NVIDIA H100 80GB HBM3",
  "torch": "2.11.0+cu130",
  "cuda": "13.0",
  "env_fwd": null,
  "env_bkv": "64,128,4,4",
  "env_bq": null,
  "rounds": 6,
  "iters_per_round": 80,
  "results": [
    {
      "shape": [
        4,
        2048,
        8,
        4,
        64
      ],
      "backends": {
        "whale_fast": {
          "fwd_mean_ms": 0.08016813333767156,
          "fwd_std_ms": 0.0007500658737543257,
          "fb_mean_ms": 0.8293719325214625,
          "fb_std_ms": 0.0016215865061045978
        },
        "fa3": {
          "fwd_mean_ms": 0.09468053337186574,
          "fwd_std_ms": 0.002334203044024202,
          "fb_mean_ms": 0.36367739979177716,
          "fb_std_ms": 0.010133267454749795
        }
      }
    }
  ]
}