{
  "label": "bm64_bn64_w4_s3_mr224",
  "device": "NVIDIA H100 80GB HBM3",
  "torch": "2.11.0+cu130",
  "cuda": "13.0",
  "env_fwd": null,
  "env_bkv": "64,64,4,3",
  "env_bq": null,
  "rounds": 6,
  "iters_per_round": 80,
  "results": [
    {
      "shape": [
        4,
        2048,
        8,
        4,
        64
      ],
      "backends": {
        "whale_fast": {
          "fwd_mean_ms": 0.08025860014992456,
          "fwd_std_ms": 0.000345152004489083,
          "fb_mean_ms": 0.3676905334616701,
          "fb_std_ms": 0.012298566322268941
        },
        "fa3": {
          "fwd_mean_ms": 0.09886453325549761,
          "fwd_std_ms": 0.006627708518866137,
          "fb_mean_ms": 0.3653503989800811,
          "fb_std_ms": 0.012362161140868258
        }
      }
    }
  ]
}