{
  "label": "bm128_bn64_w8_s3_mr224",
  "device": "NVIDIA H100 80GB HBM3",
  "torch": "2.11.0+cu130",
  "cuda": "13.0",
  "env_fwd": null,
  "env_bkv": "128,64,8,3",
  "env_bq": null,
  "rounds": 6,
  "iters_per_round": 80,
  "results": [
    {
      "shape": [
        4,
        2048,
        8,
        4,
        64
      ],
      "backends": {
        "whale_fast": {
          "fwd_mean_ms": 0.080827800075834,
          "fwd_std_ms": 0.00040557263058136575,
          "fb_mean_ms": 0.38240300075461464,
          "fb_std_ms": 0.0012711382440478692
        },
        "fa3": {
          "fwd_mean_ms": 0.09582020002417266,
          "fwd_std_ms": 0.004115445787181805,
          "fb_mean_ms": 0.36924920020004115,
          "fb_std_ms": 0.00558081399807968
        }
      }
    }
  ]
}