{
  "label": "bm64_bn64_w8_s3_mr160",
  "device": "NVIDIA H100 80GB HBM3",
  "torch": "2.11.0+cu130",
  "cuda": "13.0",
  "env_fwd": null,
  "env_bkv": "64,64,8,3",
  "env_bq": null,
  "rounds": 6,
  "iters_per_round": 80,
  "results": [
    {
      "shape": [
        4,
        2048,
        8,
        4,
        64
      ],
      "backends": {
        "whale_fast": {
          "fwd_mean_ms": 0.08000080018925171,
          "fwd_std_ms": 0.00044947039563223524,
          "fb_mean_ms": 0.5529405325651169,
          "fb_std_ms": 0.0007321939430475259
        },
        "fa3": {
          "fwd_mean_ms": 0.09557786659958462,
          "fwd_std_ms": 0.004481867307656107,
          "fb_mean_ms": 0.3492124663665891,
          "fb_std_ms": 0.00514314201880801
        }
      }
    }
  ]
}