{
  "label": "bm128_bn128_w8_s3_mr192",
  "device": "NVIDIA H100 80GB HBM3",
  "torch": "2.11.0+cu130",
  "cuda": "13.0",
  "env_fwd": null,
  "env_bkv": "128,128,8,3",
  "env_bq": null,
  "rounds": 6,
  "iters_per_round": 80,
  "results": [
    {
      "shape": [
        4,
        2048,
        8,
        4,
        64
      ],
      "backends": {
        "whale_fast": {
          "fwd_mean_ms": 0.08097740003528694,
          "fwd_std_ms": 0.002355782925203242,
          "fb_mean_ms": 0.5532476666073004,
          "fb_std_ms": 0.0014717948558011149
        },
        "fa3": {
          "fwd_mean_ms": 0.08877426668380697,
          "fwd_std_ms": 0.0037151851858257595,
          "fb_mean_ms": 0.4011369335154692,
          "fb_std_ms": 0.008972164647763037
        }
      }
    }
  ]
}