{
  "label": "bm64_bn128_w4_s3_mr192",
  "device": "NVIDIA H100 80GB HBM3",
  "torch": "2.11.0+cu130",
  "cuda": "13.0",
  "env_fwd": null,
  "env_bkv": "64,128,4,3",
  "env_bq": null,
  "rounds": 6,
  "iters_per_round": 80,
  "results": [
    {
      "shape": [
        4,
        2048,
        8,
        4,
        64
      ],
      "backends": {
        "whale_fast": {
          "fwd_mean_ms": 0.0810427999900033,
          "fwd_std_ms": 0.0008789476393936178,
          "fb_mean_ms": 0.5253236677497626,
          "fb_std_ms": 0.0010299499063005826
        },
        "fa3": {
          "fwd_mean_ms": 0.09427406662143767,
          "fwd_std_ms": 0.002555403368413737,
          "fb_mean_ms": 0.3616279991343617,
          "fb_std_ms": 0.005176290962082615
        }
      }
    }
  ]
}