{
  "label": "bm64_bn128_w4_s3_mr0",
  "device": "NVIDIA H100 80GB HBM3",
  "torch": "2.11.0+cu130",
  "cuda": "13.0",
  "env_fwd": null,
  "env_bkv": "64,128,4,3",
  "env_bq": null,
  "rounds": 6,
  "iters_per_round": 80,
  "results": [
    {
      "shape": [
        4,
        2048,
        8,
        4,
        64
      ],
      "backends": {
        "whale_fast": {
          "fwd_mean_ms": 0.08046380003603797,
          "fwd_std_ms": 0.001323838920177467,
          "fb_mean_ms": 0.5565470660726229,
          "fb_std_ms": 0.000664475449151334
        },
        "fa3": {
          "fwd_mean_ms": 0.10027906674270828,
          "fwd_std_ms": 0.0013624355219507265,
          "fb_mean_ms": 0.37408693339675664,
          "fb_std_ms": 0.012604110318006128
        }
      }
    }
  ]
}