{
  "label": "bm128_bn64_w4_s3_mr128",
  "device": "NVIDIA H100 80GB HBM3",
  "torch": "2.11.0+cu130",
  "cuda": "13.0",
  "env_fwd": null,
  "env_bkv": "128,64,4,3",
  "env_bq": null,
  "rounds": 6,
  "iters_per_round": 80,
  "results": [
    {
      "shape": [
        4,
        2048,
        8,
        4,
        64
      ],
      "backends": {
        "whale_fast": {
          "fwd_mean_ms": 0.08208813328916828,
          "fwd_std_ms": 0.004887271361716413,
          "fb_mean_ms": 0.6356527323524157,
          "fb_std_ms": 0.0007538365244601011
        },
        "fa3": {
          "fwd_mean_ms": 0.09767313312428692,
          "fwd_std_ms": 0.004934974589643267,
          "fb_mean_ms": 0.37319160010665653,
          "fb_std_ms": 0.029277259461968255
        }
      }
    }
  ]
}