{
  "label": "bm64_bn128_w4_s4_mr224",
  "device": "NVIDIA H100 80GB HBM3",
  "torch": "2.11.0+cu130",
  "cuda": "13.0",
  "env_fwd": null,
  "env_bkv": "64,128,4,4",
  "env_bq": null,
  "rounds": 6,
  "iters_per_round": 80,
  "results": [
    {
      "shape": [
        4,
        2048,
        8,
        4,
        64
      ],
      "backends": {
        "whale_fast": {
          "fwd_mean_ms": 0.08074219999834895,
          "fwd_std_ms": 0.002123069107366666,
          "fb_mean_ms": 0.6463917986800274,
          "fb_std_ms": 0.0008179833192546146
        },
        "fa3": {
          "fwd_mean_ms": 0.08920480005132655,
          "fwd_std_ms": 0.003835253524263855,
          "fb_mean_ms": 0.35855000031491124,
          "fb_std_ms": 0.012617893565727003
        }
      }
    }
  ]
}