{
  "label": "bm64_bn64_w4_s3_mr0",
  "device": "NVIDIA H100 80GB HBM3",
  "torch": "2.11.0+cu130",
  "cuda": "13.0",
  "env_fwd": null,
  "env_bkv": "64,64,4,3",
  "env_bq": null,
  "rounds": 6,
  "iters_per_round": 80,
  "results": [
    {
      "shape": [
        4,
        2048,
        8,
        4,
        64
      ],
      "backends": {
        "whale_fast": {
          "fwd_mean_ms": 0.07949966673428813,
          "fwd_std_ms": 0.000540474006619981,
          "fb_mean_ms": 0.3577081336329381,
          "fb_std_ms": 0.0038681892612996913
        },
        "fa3": {
          "fwd_mean_ms": 0.09089593351818621,
          "fwd_std_ms": 0.0025960586677921337,
          "fb_mean_ms": 0.3471035332729419,
          "fb_std_ms": 0.01003533689042421
        }
      }
    }
  ]
}