{
  "label": "bm64_bn64_w4_s3_mr128",
  "device": "NVIDIA H100 80GB HBM3",
  "torch": "2.11.0+cu130",
  "cuda": "13.0",
  "env_fwd": null,
  "env_bkv": "64,64,4,3",
  "env_bq": null,
  "rounds": 6,
  "iters_per_round": 80,
  "results": [
    {
      "shape": [
        4,
        2048,
        8,
        4,
        64
      ],
      "backends": {
        "whale_fast": {
          "fwd_mean_ms": 0.08049413322781523,
          "fwd_std_ms": 0.0006393238944390792,
          "fb_mean_ms": 0.5709263342122237,
          "fb_std_ms": 0.0008710148926166297
        },
        "fa3": {
          "fwd_mean_ms": 0.09441239993708829,
          "fwd_std_ms": 0.003130028603233515,
          "fb_mean_ms": 0.36307226587086916,
          "fb_std_ms": 0.008902355063154514
        }
      }
    }
  ]
}