{
  "label": "bm64_bn64_w8_s3_mr128",
  "device": "NVIDIA H100 80GB HBM3",
  "torch": "2.11.0+cu130",
  "cuda": "13.0",
  "env_fwd": null,
  "env_bkv": "64,64,8,3",
  "env_bq": null,
  "rounds": 6,
  "iters_per_round": 80,
  "results": [
    {
      "shape": [
        4,
        2048,
        8,
        4,
        64
      ],
      "backends": {
        "whale_fast": {
          "fwd_mean_ms": 0.08201446666692694,
          "fwd_std_ms": 0.004937677180162364,
          "fb_mean_ms": 0.6857662659138442,
          "fb_std_ms": 0.0018669861458525377
        },
        "fa3": {
          "fwd_mean_ms": 0.09493966687781116,
          "fwd_std_ms": 0.002725671367361286,
          "fb_mean_ms": 0.3528846663733323,
          "fb_std_ms": 0.01018057028957742
        }
      }
    }
  ]
}