{
  "label": "bm64_bn128_w4_s4_mr0",
  "device": "NVIDIA H100 80GB HBM3",
  "torch": "2.11.0+cu130",
  "cuda": "13.0",
  "env_fwd": null,
  "env_bkv": "64,128,4,4",
  "env_bq": null,
  "rounds": 6,
  "iters_per_round": 80,
  "results": [
    {
      "shape": [
        4,
        2048,
        8,
        4,
        64
      ],
      "backends": {
        "whale_fast": {
          "fwd_mean_ms": 0.08061533314175903,
          "fwd_std_ms": 0.0003511525789347365,
          "fb_mean_ms": 1.177095997830232,
          "fb_std_ms": 0.001996108894703747
        },
        "fa3": {
          "fwd_mean_ms": 0.09601939998877546,
          "fwd_std_ms": 0.002339931480415945,
          "fb_mean_ms": 0.36260566699008145,
          "fb_std_ms": 0.00726571689108802
        }
      }
    }
  ]
}