{
  "label": "bm64_bn128_w4_s4_mr192",
  "device": "NVIDIA H100 80GB HBM3",
  "torch": "2.11.0+cu130",
  "cuda": "13.0",
  "env_fwd": null,
  "env_bkv": "64,128,4,4",
  "env_bq": null,
  "rounds": 6,
  "iters_per_round": 80,
  "results": [
    {
      "shape": [
        4,
        2048,
        8,
        4,
        64
      ],
      "backends": {
        "whale_fast": {
          "fwd_mean_ms": 0.08030566680245102,
          "fwd_std_ms": 0.0007154577712591658,
          "fb_mean_ms": 0.6794131333629291,
          "fb_std_ms": 0.001046386764420433
        },
        "fa3": {
          "fwd_mean_ms": 0.0949895334430039,
          "fwd_std_ms": 0.004456865039048266,
          "fb_mean_ms": 0.38221513343354063,
          "fb_std_ms": 0.028411701847389757
        }
      }
    }
  ]
}