{
  "label": "bm128_bn128_w8_s3_mr224",
  "device": "NVIDIA H100 80GB HBM3",
  "torch": "2.11.0+cu130",
  "cuda": "13.0",
  "env_fwd": null,
  "env_bkv": "128,128,8,3",
  "env_bq": null,
  "rounds": 6,
  "iters_per_round": 80,
  "results": [
    {
      "shape": [
        4,
        2048,
        8,
        4,
        64
      ],
      "backends": {
        "whale_fast": {
          "fwd_mean_ms": 0.0807765334068487,
          "fwd_std_ms": 0.0006350632952990811,
          "fb_mean_ms": 0.4489062006895741,
          "fb_std_ms": 0.0008314998107272865
        },
        "fa3": {
          "fwd_mean_ms": 0.09810819992174705,
          "fwd_std_ms": 0.0006231434386592217,
          "fb_mean_ms": 0.36403260013709465,
          "fb_std_ms": 0.006482713206265731
        }
      }
    }
  ]
}