{
  "label": "bm64_bn64_w8_s3_mr0",
  "device": "NVIDIA H100 80GB HBM3",
  "torch": "2.11.0+cu130",
  "cuda": "13.0",
  "env_fwd": null,
  "env_bkv": "64,64,8,3",
  "env_bq": null,
  "rounds": 6,
  "iters_per_round": 80,
  "results": [
    {
      "shape": [
        4,
        2048,
        8,
        4,
        64
      ],
      "backends": {
        "whale_fast": {
          "fwd_mean_ms": 0.08016360009399554,
          "fwd_std_ms": 0.0004963339686051465,
          "fb_mean_ms": 0.48837439958006146,
          "fb_std_ms": 0.0010557417127044777
        },
        "fa3": {
          "fwd_mean_ms": 0.09493799998114506,
          "fwd_std_ms": 0.0026099787288535493,
          "fb_mean_ms": 0.3663706672688325,
          "fb_std_ms": 0.006340664019885853
        }
      }
    }
  ]
}