{
  "label": "bm128_bn64_w4_s3_mr160",
  "device": "NVIDIA H100 80GB HBM3",
  "torch": "2.11.0+cu130",
  "cuda": "13.0",
  "env_fwd": null,
  "env_bkv": "128,64,4,3",
  "env_bq": null,
  "rounds": 6,
  "iters_per_round": 80,
  "results": [
    {
      "shape": [
        4,
        2048,
        8,
        4,
        64
      ],
      "backends": {
        "whale_fast": {
          "fwd_mean_ms": 0.08117226666460435,
          "fwd_std_ms": 0.0019361012291784965,
          "fb_mean_ms": 0.6064782660454512,
          "fb_std_ms": 0.0013902093025147746
        },
        "fa3": {
          "fwd_mean_ms": 0.096216866808633,
          "fwd_std_ms": 0.0014413696312364618,
          "fb_mean_ms": 0.3705075330411394,
          "fb_std_ms": 0.005457443552854874
        }
      }
    }
  ]
}