{
  "label": "bm128_bn64_w8_s3_mr160",
  "device": "NVIDIA H100 80GB HBM3",
  "torch": "2.11.0+cu130",
  "cuda": "13.0",
  "env_fwd": null,
  "env_bkv": "128,64,8,3",
  "env_bq": null,
  "rounds": 6,
  "iters_per_round": 80,
  "results": [
    {
      "shape": [
        4,
        2048,
        8,
        4,
        64
      ],
      "backends": {
        "whale_fast": {
          "fwd_mean_ms": 0.08026739992201329,
          "fwd_std_ms": 0.0002465448191315322,
          "fb_mean_ms": 0.4496595999225974,
          "fb_std_ms": 0.0009174017538175241
        },
        "fa3": {
          "fwd_mean_ms": 0.09799913343352576,
          "fwd_std_ms": 0.000886191330439334,
          "fb_mean_ms": 0.3653249997645617,
          "fb_std_ms": 0.012018751837013196
        }
      }
    }
  ]
}