{
  "label": "bm64_bn64_w4_s3_mr160",
  "device": "NVIDIA H100 80GB HBM3",
  "torch": "2.11.0+cu130",
  "cuda": "13.0",
  "env_fwd": null,
  "env_bkv": "64,64,4,3",
  "env_bq": null,
  "rounds": 6,
  "iters_per_round": 80,
  "results": [
    {
      "shape": [
        4,
        2048,
        8,
        4,
        64
      ],
      "backends": {
        "whale_fast": {
          "fwd_mean_ms": 0.08136866659236451,
          "fwd_std_ms": 0.0009970601593329203,
          "fb_mean_ms": 0.5152281992758314,
          "fb_std_ms": 0.0007210441856089215
        },
        "fa3": {
          "fwd_mean_ms": 0.09255106666435797,
          "fwd_std_ms": 0.0024594630160834495,
          "fb_mean_ms": 0.3563365340853731,
          "fb_std_ms": 0.009422052280855485
        }
      }
    }
  ]
}