{
  "label": "bm128_bn128_w8_s3_mr160",
  "device": "NVIDIA H100 80GB HBM3",
  "torch": "2.11.0+cu130",
  "cuda": "13.0",
  "env_fwd": null,
  "env_bkv": "128,128,8,3",
  "env_bq": null,
  "rounds": 6,
  "iters_per_round": 80,
  "results": [
    {
      "shape": [
        4,
        2048,
        8,
        4,
        64
      ],
      "backends": {
        "whale_fast": {
          "fwd_mean_ms": 0.08031933348005016,
          "fwd_std_ms": 0.0004909591243063341,
          "fb_mean_ms": 0.4723070671161016,
          "fb_std_ms": 0.000799377039425095
        },
        "fa3": {
          "fwd_mean_ms": 0.09634686651018759,
          "fwd_std_ms": 0.004881155275096536,
          "fb_mean_ms": 0.3658360661317905,
          "fb_std_ms": 0.010986171306516983
        }
      }
    }
  ]
}