{
  "label": "bm64_bn64_w4_s4_mr192",
  "device": "NVIDIA H100 80GB HBM3",
  "torch": "2.11.0+cu130",
  "cuda": "13.0",
  "env_fwd": null,
  "env_bkv": "64,64,4,4",
  "env_bq": null,
  "rounds": 6,
  "iters_per_round": 80,
  "results": [
    {
      "shape": [
        4,
        2048,
        8,
        4,
        64
      ],
      "backends": {
        "whale_fast": {
          "fwd_mean_ms": 0.0800480668588231,
          "fwd_std_ms": 0.00035244501841679695,
          "fb_mean_ms": 0.3725647331525882,
          "fb_std_ms": 0.001737878824777659
        },
        "fa3": {
          "fwd_mean_ms": 0.09623066649461787,
          "fwd_std_ms": 0.0020873363936232403,
          "fb_mean_ms": 0.36325493368009726,
          "fb_std_ms": 0.014479250446413594
        }
      }
    }
  ]
}