{
  "label": "bm64_bn64_w8_s3_mr192",
  "device": "NVIDIA H100 80GB HBM3",
  "torch": "2.11.0+cu130",
  "cuda": "13.0",
  "env_fwd": null,
  "env_bkv": "64,64,8,3",
  "env_bq": null,
  "rounds": 6,
  "iters_per_round": 80,
  "results": [
    {
      "shape": [
        4,
        2048,
        8,
        4,
        64
      ],
      "backends": {
        "whale_fast": {
          "fwd_mean_ms": 0.07990199990260104,
          "fwd_std_ms": 0.00036752836710568303,
          "fb_mean_ms": 0.5140617315967878,
          "fb_std_ms": 0.0005402070988837727
        },
        "fa3": {
          "fwd_mean_ms": 0.09252966662558416,
          "fwd_std_ms": 0.0026115570127995306,
          "fb_mean_ms": 0.3518245334426562,
          "fb_std_ms": 0.005018994991519014
        }
      }
    }
  ]
}