{
  "label": "bm128_bn64_w8_s3_mr0",
  "device": "NVIDIA H100 80GB HBM3",
  "torch": "2.11.0+cu130",
  "cuda": "13.0",
  "env_fwd": null,
  "env_bkv": "128,64,8,3",
  "env_bq": null,
  "rounds": 6,
  "iters_per_round": 80,
  "results": [
    {
      "shape": [
        4,
        2048,
        8,
        4,
        64
      ],
      "backends": {
        "whale_fast": {
          "fwd_mean_ms": 0.08602253325904409,
          "fwd_std_ms": 0.014333133860600368,
          "fb_mean_ms": 0.3682806003217896,
          "fb_std_ms": 0.005110025344564309
        },
        "fa3": {
          "fwd_mean_ms": 0.09454220005621514,
          "fwd_std_ms": 0.004939370429323321,
          "fb_mean_ms": 0.3760527995725473,
          "fb_std_ms": 0.019392919797371476
        }
      }
    }
  ]
}