{
  "label": "bm64_bn64_w4_s2_mr192",
  "device": "NVIDIA H100 80GB HBM3",
  "torch": "2.11.0+cu130",
  "cuda": "13.0",
  "env_fwd": null,
  "env_bkv": "64,64,4,2",
  "env_bq": null,
  "rounds": 6,
  "iters_per_round": 80,
  "results": [
    {
      "shape": [
        4,
        2048,
        8,
        4,
        64
      ],
      "backends": {
        "whale_fast": {
          "fwd_mean_ms": 0.08073526662774384,
          "fwd_std_ms": 0.0007255660559179149,
          "fb_mean_ms": 0.4263820664336284,
          "fb_std_ms": 0.00548458238903136
        },
        "fa3": {
          "fwd_mean_ms": 0.09299706673870484,
          "fwd_std_ms": 0.0024299201077472967,
          "fb_mean_ms": 0.4147630002970497,
          "fb_std_ms": 0.008348424590431228
        }
      }
    }
  ]
}