{
  "label": "bm64_bn128_w8_s3_mr224",
  "device": "NVIDIA H100 80GB HBM3",
  "torch": "2.11.0+cu130",
  "cuda": "13.0",
  "env_fwd": null,
  "env_bkv": "64,128,8,3",
  "env_bq": null,
  "rounds": 6,
  "iters_per_round": 80,
  "results": [
    {
      "shape": [
        4,
        2048,
        8,
        4,
        64
      ],
      "backends": {
        "whale_fast": {
          "fwd_mean_ms": 0.08075046658826371,
          "fwd_std_ms": 0.0004413319720524932,
          "fb_mean_ms": 0.6259289339184761,
          "fb_std_ms": 0.0017342696071431579
        },
        "fa3": {
          "fwd_mean_ms": 0.09381840002412598,
          "fwd_std_ms": 0.0041055493251007805,
          "fb_mean_ms": 0.4145258003224929,
          "fb_std_ms": 0.006103309942643005
        }
      }
    }
  ]
}