{
  "label": "bm64_bn64_w4_s2_mr160",
  "device": "NVIDIA H100 80GB HBM3",
  "torch": "2.11.0+cu130",
  "cuda": "13.0",
  "env_fwd": null,
  "env_bkv": "64,64,4,2",
  "env_bq": null,
  "rounds": 6,
  "iters_per_round": 80,
  "results": [
    {
      "shape": [
        4,
        2048,
        8,
        4,
        64
      ],
      "backends": {
        "whale_fast": {
          "fwd_mean_ms": 0.08062893346262474,
          "fwd_std_ms": 0.0006377576514493376,
          "fb_mean_ms": 0.42806886732578275,
          "fb_std_ms": 0.0017385262518621724
        },
        "fa3": {
          "fwd_mean_ms": 0.09675093333547313,
          "fwd_std_ms": 0.00307786296169028,
          "fb_mean_ms": 0.3642964664225777,
          "fb_std_ms": 0.00907539256333549
        }
      }
    }
  ]
}