{
  "label": "bm64_bn128_w8_s3_mr160",
  "device": "NVIDIA H100 80GB HBM3",
  "torch": "2.11.0+cu130",
  "cuda": "13.0",
  "env_fwd": null,
  "env_bkv": "64,128,8,3",
  "env_bq": null,
  "rounds": 6,
  "iters_per_round": 80,
  "results": [
    {
      "shape": [
        4,
        2048,
        8,
        4,
        64
      ],
      "backends": {
        "whale_fast": {
          "fwd_mean_ms": 0.08231499997588496,
          "fwd_std_ms": 0.0019259442889958704,
          "fb_mean_ms": 0.6990600671619177,
          "fb_std_ms": 0.0011587179831016997
        },
        "fa3": {
          "fwd_mean_ms": 0.10385626678665479,
          "fwd_std_ms": 0.005906923537670146,
          "fb_mean_ms": 0.4412799999117851,
          "fb_std_ms": 0.03797223194907702
        }
      }
    }
  ]
}