{
  "label": "bm128_bn128_w8_s3_mr0",
  "device": "NVIDIA H100 80GB HBM3",
  "torch": "2.11.0+cu130",
  "cuda": "13.0",
  "env_fwd": null,
  "env_bkv": "128,128,8,3",
  "env_bq": null,
  "rounds": 6,
  "iters_per_round": 80,
  "results": [
    {
      "shape": [
        4,
        2048,
        8,
        4,
        64
      ],
      "backends": {
        "whale_fast": {
          "fwd_mean_ms": 0.07997913314029574,
          "fwd_std_ms": 0.0005663899991962929,
          "fb_mean_ms": 0.38916853355864683,
          "fb_std_ms": 0.0015983495097154975
        },
        "fa3": {
          "fwd_mean_ms": 0.09599380001115301,
          "fwd_std_ms": 0.001958292451978713,
          "fb_mean_ms": 0.358078466852506,
          "fb_std_ms": 0.019266032031653006
        }
      }
    }
  ]
}