{
  "label": "bm64_bn128_w8_s3_mr0",
  "device": "NVIDIA H100 80GB HBM3",
  "torch": "2.11.0+cu130",
  "cuda": "13.0",
  "env_fwd": null,
  "env_bkv": "64,128,8,3",
  "env_bq": null,
  "rounds": 6,
  "iters_per_round": 80,
  "results": [
    {
      "shape": [
        4,
        2048,
        8,
        4,
        64
      ],
      "backends": {
        "whale_fast": {
          "fwd_mean_ms": 0.08034806673725446,
          "fwd_std_ms": 0.00015372264765742407,
          "fb_mean_ms": 0.5172283347696066,
          "fb_std_ms": 0.0004816819234932863
        },
        "fa3": {
          "fwd_mean_ms": 0.09861566689796745,
          "fwd_std_ms": 0.0026167232968873225,
          "fb_mean_ms": 0.36720053361107907,
          "fb_std_ms": 0.005629457792607713
        }
      }
    }
  ]
}