{
  "label": "baseline_autotune",
  "device": "NVIDIA H100 80GB HBM3",
  "torch": "2.11.0+cu130",
  "cuda": "13.0",
  "fa3_available": true,
  "warmup": 30,
  "iters": 200,
  "results": [
    {
      "backend": "whale",
      "shape": {
        "B": 4,
        "T": 2048,
        "H": 8,
        "KV": 4,
        "D": 64
      },
      "dtype": "torch.bfloat16",
      "fwd": {
        "mean_ms": 0.08673680011183023,
        "median_ms": 0.08473599702119827,
        "min_ms": 0.07340800017118454,
        "max_ms": 0.1919039934873581,
        "stdev_ms": 0.011541205290991056
      },
      "fwd_bwd": {
        "mean_ms": 0.5102952013909817,
        "median_ms": 0.48982399702072144,
        "min_ms": 0.39878401160240173,
        "max_ms": 0.74099200963974,
        "stdev_ms": 0.0631349409462885
      },
      "err": {
        "fwd_max_abs": 0.00390625,
        "dq_max_abs": 0.00390625,
        "dk_max_abs": 0.015625,
        "dv_max_abs": 0.03125
      }
    },
    {
      "backend": "fa3",
      "shape": {
        "B": 4,
        "T": 2048,
        "H": 8,
        "KV": 4,
        "D": 64
      },
      "dtype": "torch.bfloat16",
      "fwd": {
        "mean_ms": 0.09114400018006563,
        "median_ms": 0.08822400122880936,
        "min_ms": 0.08278399705886841,
        "max_ms": 0.13327999413013458,
        "stdev_ms": 0.007779468849363438
      },
      "fwd_bwd": {
        "mean_ms": 0.3410823994874954,
        "median_ms": 0.34003201127052307,
        "min_ms": 0.312063992023468,
        "max_ms": 0.4249280095100403,
        "stdev_ms": 0.012468537882570388
      },
      "err": {
        "fwd_max_abs": 0.00390625,
        "dq_max_abs": 0.00390625,
        "dk_max_abs": 0.015625,
        "dv_max_abs": 0.03125
      }
    }
  ]
}