{
  "label": "final_sweep",
  "device": "NVIDIA H100 80GB HBM3",
  "torch": "2.11.0+cu130",
  "cuda": "13.0",
  "env_fwd": null,
  "env_bkv": null,
  "env_bq": null,
  "rounds": 8,
  "iters_per_round": 100,
  "results": [
    {
      "shape": [
        4,
        1024,
        8,
        4,
        64
      ],
      "backends": {
        "whale_fast": {
          "fwd_mean_ms": 0.07563139989506454,
          "fwd_std_ms": 0.0023050376611172757,
          "fb_mean_ms": 0.38499371949583294,
          "fb_std_ms": 0.016947501948987198
        },
        "fa3": {
          "fwd_mean_ms": 0.08887311991304159,
          "fwd_std_ms": 0.002364112898507322,
          "fb_mean_ms": 0.34882496029138566,
          "fb_std_ms": 0.006459660442673486
        },
        "sdpa": {
          "fwd_mean_ms": 0.059040359994396566,
          "fwd_std_ms": 0.00864700865204317,
          "fb_mean_ms": 0.2775404000096023,
          "fb_std_ms": 0.004444539657530369
        }
      }
    },
    {
      "shape": [
        4,
        2048,
        8,
        4,
        64
      ],
      "backends": {
        "whale_fast": {
          "fwd_mean_ms": 0.08000908001326025,
          "fwd_std_ms": 0.0006290592772989717,
          "fb_mean_ms": 0.4485666402056813,
          "fb_std_ms": 0.014808936647146888
        },
        "fa3": {
          "fwd_mean_ms": 0.0942920401878655,
          "fwd_std_ms": 0.0027889668161942523,
          "fb_mean_ms": 0.3965257602930069,
          "fb_std_ms": 0.008003764302835132
        },
        "sdpa": {
          "fwd_mean_ms": 0.08829551985487342,
          "fwd_std_ms": 0.00047622029863035137,
          "fb_mean_ms": 0.33725607994943857,
          "fb_std_ms": 0.008295253977373497
        }
      }
    },
    {
      "shape": [
        4,
        4096,
        8,
        4,
        64
      ],
      "backends": {
        "whale_fast": {
          "fwd_mean_ms": 0.25280480029061436,
          "fwd_std_ms": 0.0008941150110904345,
          "fb_mean_ms": 0.9148318003863096,
          "fb_std_ms": 0.0029533816071950526
        },
        "fa3": {
          "fwd_mean_ms": 0.15594979997724295,
          "fwd_std_ms": 0.00049980138540758,
          "fb_mean_ms": 0.5845506405085326,
          "fb_std_ms": 0.0031263386877831124
        },
        "sdpa": {
          "fwd_mean_ms": 0.24395440012216568,
          "fwd_std_ms": 0.0033192574817516854,
          "fb_mean_ms": 0.8068594796210528,
          "fb_std_ms": 0.009788371554105934
        }
      }
    },
    {
      "shape": [
        2,
        8192,
        8,
        4,
        64
      ],
      "backends": {
        "whale_fast": {
          "fwd_mean_ms": 0.4881922801211476,
          "fwd_std_ms": 0.0025195381568894684,
          "fb_mean_ms": 1.745982678234577,
          "fb_std_ms": 0.010884514246560627
        },
        "fa3": {
          "fwd_mean_ms": 0.27001147996634245,
          "fwd_std_ms": 0.003804528006509403,
          "fb_mean_ms": 1.050751638635993,
          "fb_std_ms": 0.028788354676002083
        },
        "sdpa": {
          "fwd_mean_ms": 0.43560971979051827,
          "fwd_std_ms": 0.00762709729786492,
          "fb_mean_ms": 1.364332200884819,
          "fb_std_ms": 0.00904013595390575
        }
      }
    },
    {
      "shape": [
        4,
        2048,
        8,
        8,
        64
      ],
      "backends": {
        "whale_fast": {
          "fwd_mean_ms": 0.0818102000001818,
          "fwd_std_ms": 0.0016146513594309498,
          "fb_mean_ms": 0.4571026802435517,
          "fb_std_ms": 0.007475967669822032
        },
        "fa3": {
          "fwd_mean_ms": 0.09713019996881485,
          "fwd_std_ms": 0.0027773260414427634,
          "fb_mean_ms": 0.38481563985347744,
          "fb_std_ms": 0.008003079101932393
        },
        "sdpa": {
          "fwd_mean_ms": 0.061760599948465826,
          "fwd_std_ms": 0.00026063832400279166,
          "fb_mean_ms": 0.23757860014215113,
          "fb_std_ms": 0.003772057891389323
        }
      }
    },
    {
      "shape": [
        4,
        2048,
        16,
        16,
        64
      ],
      "backends": {
        "whale_fast": {
          "fwd_mean_ms": 0.13536523995921015,
          "fwd_std_ms": 0.0007290930777591284,
          "fb_mean_ms": 0.5325996001064778,
          "fb_std_ms": 0.0012829641295362896
        },
        "fa3": {
          "fwd_mean_ms": 0.09639587993733585,
          "fwd_std_ms": 0.001686252811711436,
          "fb_mean_ms": 0.3436997203156352,
          "fb_std_ms": 0.022478721351173743
        },
        "sdpa": {
          "fwd_mean_ms": 0.10563199985772372,
          "fwd_std_ms": 0.0021799667989633982,
          "fb_mean_ms": 0.4171713601052761,
          "fb_std_ms": 0.0033598875622060827
        }
      }
    },
    {
      "shape": [
        2,
        2048,
        8,
        4,
        128
      ],
      "backends": {
        "whale_fast": {
          "fwd_mean_ms": 0.07844091997481882,
          "fwd_std_ms": 0.004716757258300522,
          "fb_mean_ms": 0.3945550401881337,
          "fb_std_ms": 0.029139650955102833
        },
        "fa3": {
          "fwd_mean_ms": 0.09050115996971726,
          "fwd_std_ms": 0.0010887641924423803,
          "fb_mean_ms": 0.37008776012808087,
          "fb_std_ms": 0.01964109352109145
        },
        "sdpa": {
          "fwd_mean_ms": 0.08034120007418097,
          "fwd_std_ms": 0.0003732472522138342,
          "fb_mean_ms": 0.3007746801897883,
          "fb_std_ms": 0.02173358787482612
        }
      }
    }
  ]
}