{
  "label": "h100_baseline_headline",
  "device": "NVIDIA H100 80GB HBM3",
  "torch": "2.11.0+cu130",
  "cuda": "13.0",
  "fa3_available": true,
  "warmup": 20,
  "iters": 80,
  "results": [
    {
      "backend": "whale",
      "shape": {
        "B": 8,
        "T": 2048,
        "H": 8,
        "KV": 4,
        "D": 64
      },
      "dtype": "torch.bfloat16",
      "fwd": {
        "mean_ms": 0.13110720030963421,
        "median_ms": 0.12987200170755386,
        "min_ms": 0.12479999661445618,
        "max_ms": 0.20713600516319275,
        "stdev_ms": 0.009042453276636052
      },
      "fwd_bwd": {
        "mean_ms": 0.4987247999757528,
        "median_ms": 0.49376000463962555,
        "min_ms": 0.48131200671195984,
        "max_ms": 0.7585920095443726,
        "stdev_ms": 0.030573924316208385
      },
      "err": {
        "fwd_max_abs": 0.00390625,
        "dq_max_abs": 0.00390625,
        "dk_max_abs": 0.015625,
        "dv_max_abs": 0.03125
      }
    },
    {
      "backend": "sdpa",
      "shape": {
        "B": 8,
        "T": 2048,
        "H": 8,
        "KV": 4,
        "D": 64
      },
      "dtype": "torch.bfloat16",
      "fwd": {
        "mean_ms": 0.14945080038160086,
        "median_ms": 0.1488799974322319,
        "min_ms": 0.14764800667762756,
        "max_ms": 0.1671680063009262,
        "stdev_ms": 0.002323763268034404
      },
      "fwd_bwd": {
        "mean_ms": 0.5045804023742676,
        "median_ms": 0.5039840042591095,
        "min_ms": 0.5002880096435547,
        "max_ms": 0.5597760081291199,
        "stdev_ms": 0.006383131688840163
      },
      "err": {
        "fwd_max_abs": null,
        "dq_max_abs": null,
        "dk_max_abs": null,
        "dv_max_abs": null
      }
    },
    {
      "backend": "fa3",
      "shape": {
        "B": 8,
        "T": 2048,
        "H": 8,
        "KV": 4,
        "D": 64
      },
      "dtype": "torch.bfloat16",
      "fwd": {
        "mean_ms": 0.09515959974378348,
        "median_ms": 0.09019200131297112,
        "min_ms": 0.08937600255012512,
        "max_ms": 0.1722559928894043,
        "stdev_ms": 0.01484434308182908
      },
      "fwd_bwd": {
        "mean_ms": 0.3829643990844488,
        "median_ms": 0.37671999633312225,
        "min_ms": 0.3717760145664215,
        "max_ms": 0.5856639742851257,
        "stdev_ms": 0.03312269649570953
      },
      "err": {
        "fwd_max_abs": 0.00390625,
        "dq_max_abs": 0.005859375,
        "dk_max_abs": 0.015625,
        "dv_max_abs": 0.03125
      }
    }
  ]
}