{
  "label": "hybrid_sweep",
  "device": "NVIDIA H100 80GB HBM3",
  "torch": "2.11.0+cu130",
  "cuda": "13.0",
  "env_fwd": null,
  "env_bkv": null,
  "env_bq": null,
  "rounds": 8,
  "iters_per_round": 100,
  "results": [
    {
      "shape": [
        4,
        1024,
        8,
        4,
        64
      ],
      "backends": {
        "whale_hybrid": {
          "fwd_mean_ms": 0.07666868000291288,
          "fwd_std_ms": 0.0018410815798069185,
          "fb_mean_ms": 0.29299224000424146,
          "fb_std_ms": 0.0034042498602580586
        },
        "fa3": {
          "fwd_mean_ms": 0.08856979995034635,
          "fwd_std_ms": 0.0038001902329971894,
          "fb_mean_ms": 0.3423831601068377,
          "fb_std_ms": 0.005841167880651288
        },
        "sdpa": {
          "fwd_mean_ms": 0.05507284003775567,
          "fwd_std_ms": 0.001723231182314137,
          "fb_mean_ms": 0.2759831598587334,
          "fb_std_ms": 0.0037563272605295288
        }
      }
    },
    {
      "shape": [
        4,
        2048,
        8,
        4,
        64
      ],
      "backends": {
        "whale_hybrid": {
          "fwd_mean_ms": 0.08106588004156948,
          "fwd_std_ms": 0.001378483634983369,
          "fb_mean_ms": 0.299355440326035,
          "fb_std_ms": 0.007518563256620739
        },
        "fa3": {
          "fwd_mean_ms": 0.09169663996435702,
          "fwd_std_ms": 0.0017239917785022674,
          "fb_mean_ms": 0.3524206004291773,
          "fb_std_ms": 0.007021755494006634
        },
        "sdpa": {
          "fwd_mean_ms": 0.08899159997701644,
          "fwd_std_ms": 0.0004060341283053716,
          "fb_mean_ms": 0.2924580803140998,
          "fb_std_ms": 0.0020243574791400025
        }
      }
    },
    {
      "shape": [
        4,
        4096,
        8,
        4,
        64
      ],
      "backends": {
        "whale_hybrid": {
          "fwd_mean_ms": 0.25210763989016416,
          "fwd_std_ms": 0.0014866666971228974,
          "fb_mean_ms": 0.6798347193747759,
          "fb_std_ms": 0.005777292455466974
        },
        "fa3": {
          "fwd_mean_ms": 0.16030223991721868,
          "fwd_std_ms": 0.0030411066580385867,
          "fb_mean_ms": 0.5963579204678535,
          "fb_std_ms": 0.004872712870180944
        },
        "sdpa": {
          "fwd_mean_ms": 0.24597243973985314,
          "fwd_std_ms": 0.0018382546799889155,
          "fb_mean_ms": 0.7993083611130715,
          "fb_std_ms": 0.004457392301786009
        }
      }
    },
    {
      "shape": [
        2,
        8192,
        8,
        4,
        64
      ],
      "backends": {
        "whale_hybrid": {
          "fwd_mean_ms": 0.4866641193255782,
          "fwd_std_ms": 0.0021559157653768183,
          "fb_mean_ms": 1.2189510795474052,
          "fb_std_ms": 0.010011070258410353
        },
        "fa3": {
          "fwd_mean_ms": 0.2837840399518609,
          "fwd_std_ms": 0.005096644127412841,
          "fb_mean_ms": 1.0539662396907805,
          "fb_std_ms": 0.01616786641972564
        },
        "sdpa": {
          "fwd_mean_ms": 0.4361897196993232,
          "fwd_std_ms": 0.008773290280345819,
          "fb_mean_ms": 1.3661054007709026,
          "fb_std_ms": 0.01816180289781146
        }
      }
    },
    {
      "shape": [
        4,
        2048,
        8,
        8,
        64
      ],
      "backends": {
        "whale_hybrid": {
          "fwd_mean_ms": 0.08052503999322652,
          "fwd_std_ms": 0.0002503559887399805,
          "fb_mean_ms": 0.2657626799494028,
          "fb_std_ms": 0.007577514070056285
        },
        "fa3": {
          "fwd_mean_ms": 0.08844552014954388,
          "fwd_std_ms": 0.002587690374278146,
          "fb_mean_ms": 0.3095573601126671,
          "fb_std_ms": 0.007669138810652734
        },
        "sdpa": {
          "fwd_mean_ms": 0.06144868001807481,
          "fwd_std_ms": 0.00017015892262064165,
          "fb_mean_ms": 0.23465615980327129,
          "fb_std_ms": 0.0005047738218862145
        }
      }
    },
    {
      "shape": [
        4,
        2048,
        16,
        16,
        64
      ],
      "backends": {
        "whale_hybrid": {
          "fwd_mean_ms": 0.13598364021629095,
          "fwd_std_ms": 0.0005390561944062046,
          "fb_mean_ms": 0.36877915982156995,
          "fb_std_ms": 0.0008590328078641056
        },
        "fa3": {
          "fwd_mean_ms": 0.09839620009995997,
          "fwd_std_ms": 0.0034700376206741254,
          "fb_mean_ms": 0.35596727930009364,
          "fb_std_ms": 0.04150316154442643
        },
        "sdpa": {
          "fwd_mean_ms": 0.10746239989995957,
          "fwd_std_ms": 0.0021084250976695714,
          "fb_mean_ms": 0.4208003204315901,
          "fb_std_ms": 0.00491977146328301
        }
      }
    },
    {
      "shape": [
        2,
        2048,
        8,
        4,
        128
      ],
      "backends": {
        "whale_hybrid": {
          "fwd_mean_ms": 0.0764175199624151,
          "fwd_std_ms": 0.0014244000565765919,
          "fb_mean_ms": 0.3398392401635647,
          "fb_std_ms": 0.00809797979360657
        },
        "fa3": {
          "fwd_mean_ms": 0.08991464011371135,
          "fwd_std_ms": 0.002071764053300359,
          "fb_mean_ms": 0.39706083957105875,
          "fb_std_ms": 0.011738949889186138
        },
        "sdpa": {
          "fwd_mean_ms": 0.08069796019233763,
          "fwd_std_ms": 0.000534669273999423,
          "fb_mean_ms": 0.33280987951904534,
          "fb_std_ms": 0.012174813722370547
        }
      }
    }
  ]
}