{
  "label": "stable_wideautotune",
  "shape": [
    4,
    2048,
    8,
    4,
    64
  ],
  "device": "NVIDIA H100 80GB HBM3",
  "torch": "2.11.0+cu130",
  "cuda": "13.0",
  "env_fwd": null,
  "env_bkv": null,
  "env_bq": null,
  "rounds": 8,
  "iters_per_round": 100,
  "results": {
    "whale": {
      "fwd_mean_ms": 0.09031220010481775,
      "fwd_std_ms": 0.010889564706402892,
      "fb_mean_ms": 0.523216560445726,
      "fb_std_ms": 0.010894948226461157,
      "fwd_rounds": [
        0.11688800051808357,
        0.08642752014100552,
        0.08753343984484672,
        0.08779776006937028,
        0.08857631996273994,
        0.08264064036309719,
        0.08565344020724297,
        0.0869804797321558
      ],
      "fb_rounds": [
        0.5331974387168884,
        0.5143039998412132,
        0.5401663991808892,
        0.5140060809254646,
        0.5206153625249863,
        0.5275254407525063,
        0.5079814419150352,
        0.5279363197088242
      ]
    },
    "fa3": {
      "fwd_mean_ms": 0.09380236018449067,
      "fwd_std_ms": 0.002563370937511045,
      "fb_mean_ms": 0.37584367986768485,
      "fb_std_ms": 0.019892280506207494,
      "fwd_rounds": [
        0.09136064045131206,
        0.09399647995829583,
        0.09448864005506039,
        0.0928531201928854,
        0.0911660799384117,
        0.09769632004201412,
        0.097232960537076,
        0.09162464030086995
      ],
      "fb_rounds": [
        0.4206934386491776,
        0.3587686407566071,
        0.3651011198759079,
        0.36074463933706286,
        0.37654016047716143,
        0.38375904053449633,
        0.37211103856563565,
        0.36903136074542997
      ]
    },
    "sdpa": {
      "fwd_mean_ms": 0.09015875992365181,
      "fwd_std_ms": 0.0009487323285480724,
      "fb_mean_ms": 0.31524168014526366,
      "fb_std_ms": 0.013010958405024782,
      "fwd_rounds": [
        0.08996927984058857,
        0.08922112010419368,
        0.0901334399729967,
        0.09223392017185689,
        0.0893219194561243,
        0.09002751998603344,
        0.0906057595461607,
        0.08975712031126022
      ],
      "fb_rounds": [
        0.3422003209590912,
        0.3254048001766205,
        0.3107369601726532,
        0.3098735997080803,
        0.3050220796465874,
        0.3101926401257515,
        0.3164672005176544,
        0.30203583985567095
      ]
    }
  }
}