{
  "label": "stable_splith",
  "shape": [
    4,
    2048,
    8,
    4,
    64
  ],
  "device": "NVIDIA H100 80GB HBM3",
  "torch": "2.11.0+cu130",
  "cuda": "13.0",
  "env_fwd": null,
  "env_bkv": null,
  "env_bq": null,
  "rounds": 8,
  "iters_per_round": 100,
  "results": {
    "whale": {
      "fwd_mean_ms": 0.08841239999048411,
      "fwd_std_ms": 0.004900112805223802,
      "fb_mean_ms": 0.7262504403293133,
      "fb_std_ms": 0.03261774480286498,
      "fwd_rounds": [
        0.08983679994940758,
        0.09189696028828621,
        0.09238303996622563,
        0.08929119996726513,
        0.0887849597632885,
        0.08102303974330426,
        0.08076192013919353,
        0.09332128010690212
      ],
      "fb_rounds": [
        0.6515049600601196,
        0.736041921377182,
        0.7472927987575531,
        0.7461526358127594,
        0.7477334451675415,
        0.7102300816774368,
        0.7313036793470382,
        0.7397440004348755
      ]
    },
    "fa3": {
      "fwd_mean_ms": 0.09598679984919727,
      "fwd_std_ms": 0.0032768195704011706,
      "fb_mean_ms": 0.4134553600475192,
      "fb_std_ms": 0.021516702296253378,
      "fwd_rounds": [
        0.09526047974824906,
        0.10024767972528935,
        0.09667936012148858,
        0.09454752005636692,
        0.0984944000095129,
        0.08958911933004857,
        0.09479103982448578,
        0.09828479997813702
      ],
      "fb_rounds": [
        0.36640800088644027,
        0.4316371187567711,
        0.4293718406558037,
        0.4181068789958954,
        0.41125600069761276,
        0.4039324808120728,
        0.4155324804782867,
        0.43139807909727096
      ]
    },
    "sdpa": {
      "fwd_mean_ms": 0.08969372002407908,
      "fwd_std_ms": 0.0004995913018606115,
      "fb_mean_ms": 0.335057480186224,
      "fb_std_ms": 0.019971672832418352,
      "fwd_rounds": [
        0.08877856008708478,
        0.09000159993767738,
        0.08982848040759564,
        0.08940543994307518,
        0.08934656046330929,
        0.08998975977301597,
        0.0898031997680664,
        0.09039615981280803
      ],
      "fb_rounds": [
        0.31028351932764053,
        0.34574495881795886,
        0.34776832044124606,
        0.35230912029743194,
        0.33669280022382736,
        0.33463200271129606,
        0.35349696010351184,
        0.2995321595668793
      ]
    }
  }
}