{
  "label": "stable_baseline",
  "shape": [
    4,
    2048,
    8,
    4,
    64
  ],
  "device": "NVIDIA H100 80GB HBM3",
  "torch": "2.11.0+cu130",
  "cuda": "13.0",
  "env_fwd": null,
  "env_bkv": null,
  "env_bq": null,
  "rounds": 8,
  "iters_per_round": 100,
  "results": {
    "whale": {
      "fwd_mean_ms": 0.08947252004407347,
      "fwd_std_ms": 0.003826919712679565,
      "fb_mean_ms": 0.5503885196521878,
      "fb_std_ms": 0.05941259592907234,
      "fwd_rounds": [
        0.08699424050748349,
        0.08549247980117798,
        0.08559200003743171,
        0.09434303991496563,
        0.08824959993362427,
        0.08875808000564575,
        0.09565791979432106,
        0.09069280035793781
      ],
      "fb_rounds": [
        0.49138591915369034,
        0.4819337597489357,
        0.4960348805785179,
        0.5701747205853462,
        0.5624636787176133,
        0.659523521065712,
        0.5584134379029274,
        0.5831782394647598
      ]
    },
    "fa3": {
      "fwd_mean_ms": 0.0983598398976028,
      "fwd_std_ms": 0.008770396589075675,
      "fb_mean_ms": 0.3817696800455451,
      "fb_std_ms": 0.035140377051967514,
      "fwd_rounds": [
        0.09121599987149238,
        0.09594655998051166,
        0.08949375972151756,
        0.09510719992220401,
        0.10229408003389835,
        0.11765151999890805,
        0.09891615979373455,
        0.09625343985855579
      ],
      "fb_rounds": [
        0.35379744082689285,
        0.3522751995921135,
        0.34913664013147355,
        0.39680896133184435,
        0.3914710396528244,
        0.43267520040273666,
        0.4271443182229996,
        0.35084864020347595
      ]
    },
    "sdpa": {
      "fwd_mean_ms": 0.09057900005951523,
      "fwd_std_ms": 0.0015096797369829047,
      "fb_mean_ms": 0.31418636001646516,
      "fb_std_ms": 0.029138720177854356,
      "fwd_rounds": [
        0.08990208007395267,
        0.08961663991212845,
        0.0899379201233387,
        0.09006143972277642,
        0.09022464014589787,
        0.09426623985171317,
        0.09019680023193359,
        0.09042624041438102
      ],
      "fb_rounds": [
        0.2940230393409729,
        0.29323200017213824,
        0.2930745601654053,
        0.3035680004954338,
        0.34281536012887953,
        0.37127167969942093,
        0.32150496035814286,
        0.29400127977132795
      ]
    }
  }
}