{
  "label": "stable_pre_splith",
  "shape": [
    4,
    2048,
    8,
    4,
    64
  ],
  "device": "NVIDIA H100 80GB HBM3",
  "torch": "2.11.0+cu130",
  "cuda": "13.0",
  "env_fwd": null,
  "env_bkv": null,
  "env_bq": null,
  "rounds": 8,
  "iters_per_round": 100,
  "results": {
    "whale": {
      "fwd_mean_ms": 0.08882587992586195,
      "fwd_std_ms": 0.003504276245926355,
      "fb_mean_ms": 0.5740002798289061,
      "fb_std_ms": 0.05151739047479649,
      "fwd_rounds": [
        0.0924083198606968,
        0.08853472009301186,
        0.08464191973209381,
        0.09527071990072727,
        0.08951551973819732,
        0.0873308802396059,
        0.08634560003876686,
        0.08655935980379581
      ],
      "fb_rounds": [
        0.6090944004058838,
        0.6099187165498734,
        0.5943369591236114,
        0.6205542421340943,
        0.6119276797771454,
        0.5471158400177956,
        0.5100620806217193,
        0.48899232000112536
      ]
    },
    "fa3": {
      "fwd_mean_ms": 0.09903975994326175,
      "fwd_std_ms": 0.014895991013302731,
      "fb_mean_ms": 0.40393200017511843,
      "fb_std_ms": 0.03126244304128243,
      "fwd_rounds": [
        0.0957785601168871,
        0.09465791970491409,
        0.09408223994076252,
        0.09760448008775711,
        0.09297183990478515,
        0.09176800012588501,
        0.13544703975319863,
        0.09000799991190434
      ],
      "fb_rounds": [
        0.40586464017629625,
        0.4218646413087845,
        0.39951039910316466,
        0.4388134399056435,
        0.425455681681633,
        0.42457247972488404,
        0.3652163207530975,
        0.35015839874744414
      ]
    },
    "sdpa": {
      "fwd_mean_ms": 0.08938684021122753,
      "fwd_std_ms": 0.00021291072498399893,
      "fb_mean_ms": 0.33109011992812154,
      "fb_std_ms": 0.028791900096298177,
      "fwd_rounds": [
        0.08950240023434163,
        0.08918848030269146,
        0.08912992008030414,
        0.08942624025046825,
        0.08974304065108299,
        0.0892899201065302,
        0.08958048045635224,
        0.0892342396080494
      ],
      "fb_rounds": [
        0.33270495891571045,
        0.3364041617512703,
        0.34231807976961137,
        0.34556735932827,
        0.38055391937494276,
        0.32595359832048415,
        0.2935404822230339,
        0.2916783997416496
      ]
    }
  }
}