{
  "label": "stable_splith_128",
  "shape": [
    4,
    2048,
    8,
    4,
    64
  ],
  "device": "NVIDIA H100 80GB HBM3",
  "torch": "2.11.0+cu130",
  "cuda": "13.0",
  "env_fwd": null,
  "env_bkv": null,
  "env_bq": null,
  "rounds": 8,
  "iters_per_round": 100,
  "results": {
    "whale": {
      "fwd_mean_ms": 0.0864262400008738,
      "fwd_std_ms": 0.003695883361523605,
      "fb_mean_ms": 0.5762797198444605,
      "fb_std_ms": 0.013936211963970399,
      "fwd_rounds": [
        0.09514495953917504,
        0.0845363199710846,
        0.08460223995149135,
        0.08372159957885743,
        0.08551103971898556,
        0.08548064067959786,
        0.08487264037132264,
        0.08754048019647598
      ],
      "fb_rounds": [
        0.5915433609485626,
        0.5690044796466828,
        0.570298558473587,
        0.5735907220840454,
        0.5858355218172073,
        0.5548847997188568,
        0.5683420765399932,
        0.5967382395267486
      ]
    },
    "fa3": {
      "fwd_mean_ms": 0.09218383986502886,
      "fwd_std_ms": 0.0020025173795611144,
      "fb_mean_ms": 0.35154536020010707,
      "fb_std_ms": 0.012395039803624991,
      "fwd_rounds": [
        0.09576927982270718,
        0.094001280143857,
        0.09163583971560002,
        0.09025248005986214,
        0.09144255958497524,
        0.09336191989481449,
        0.0908899199962616,
        0.0901174397021532
      ],
      "fb_rounds": [
        0.3793043205142021,
        0.34834720075130465,
        0.34212320029735566,
        0.3422940796613693,
        0.35067903965711594,
        0.34129312008619306,
        0.3547798404097557,
        0.3535420802235603
      ]
    },
    "sdpa": {
      "fwd_mean_ms": 0.08868540014140308,
      "fwd_std_ms": 0.0002591887532760856,
      "fb_mean_ms": 0.2913681203126907,
      "fb_std_ms": 0.0014479565060638265,
      "fwd_rounds": [
        0.08900447994470596,
        0.08866495996713639,
        0.08855232022702694,
        0.08871968038380146,
        0.08860416032373905,
        0.08820864036679268,
        0.08902431987226009,
        0.08870464004576206
      ],
      "fb_rounds": [
        0.2919801607728004,
        0.2896115201711655,
        0.2909433609247208,
        0.2929318404197693,
        0.2902617594599724,
        0.29025536119937895,
        0.29383199989795683,
        0.29112895965576174
      ]
    }
  }
}