{
  "label": "stable_sweep",
  "device": "NVIDIA H100 80GB HBM3",
  "torch": "2.11.0+cu130",
  "cuda": "13.0",
  "env_fwd": null,
  "env_bkv": null,
  "env_bq": null,
  "rounds": 6,
  "iters_per_round": 80,
  "results": [
    {
      "shape": [
        4,
        1024,
        8,
        4,
        64
      ],
      "backends": {
        "whale_fast": {
          "fwd_mean_ms": 0.07725580013357103,
          "fwd_std_ms": 0.0015034407509005958,
          "fb_mean_ms": 0.3834255330264568,
          "fb_std_ms": 0.007056278172085962
        },
        "fa3": {
          "fwd_mean_ms": 0.08983786660246551,
          "fwd_std_ms": 0.003188891896155898,
          "fb_mean_ms": 0.3519185334444046,
          "fb_std_ms": 0.011389995416259199
        },
        "sdpa": {
          "fwd_mean_ms": 0.058574666571803394,
          "fwd_std_ms": 0.0012460123440119044,
          "fb_mean_ms": 0.29031006662795944,
          "fb_std_ms": 0.010603597662180504
        }
      }
    },
    {
      "shape": [
        4,
        2048,
        8,
        4,
        64
      ],
      "backends": {
        "whale_fast": {
          "fwd_mean_ms": 0.08177799984502296,
          "fwd_std_ms": 0.0015020187886365364,
          "fb_mean_ms": 0.4155552001670003,
          "fb_std_ms": 0.06695922957398238
        },
        "fa3": {
          "fwd_mean_ms": 0.09655753319772581,
          "fwd_std_ms": 0.0034952199836034295,
          "fb_mean_ms": 0.35845399933556715,
          "fb_std_ms": 0.008364549742277523
        },
        "sdpa": {
          "fwd_mean_ms": 0.08982646645357212,
          "fwd_std_ms": 0.0003640154767546096,
          "fb_mean_ms": 0.29718406666070224,
          "fb_std_ms": 0.006192028597686555
        }
      }
    },
    {
      "shape": [
        4,
        4096,
        8,
        4,
        64
      ],
      "backends": {
        "whale_fast": {
          "fwd_mean_ms": 0.25837986633802457,
          "fwd_std_ms": 0.0037571292229040937,
          "fb_mean_ms": 0.9167433330168326,
          "fb_std_ms": 0.007332540546284649
        },
        "fa3": {
          "fwd_mean_ms": 0.15603253344694773,
          "fwd_std_ms": 0.0020559894204302473,
          "fb_mean_ms": 0.5865547331670921,
          "fb_std_ms": 0.005180338565191812
        },
        "sdpa": {
          "fwd_mean_ms": 0.24380813327928386,
          "fwd_std_ms": 0.0053106649036675805,
          "fb_mean_ms": 0.8054821994155645,
          "fb_std_ms": 0.007428548897214909
        }
      }
    },
    {
      "shape": [
        2,
        8192,
        8,
        4,
        64
      ],
      "backends": {
        "whale_fast": {
          "fwd_mean_ms": 0.49859773392478623,
          "fwd_std_ms": 0.009030797821537507,
          "fb_mean_ms": 1.7682221313317616,
          "fb_std_ms": 0.013947732621062062
        },
        "fa3": {
          "fwd_mean_ms": 0.27133973358819885,
          "fwd_std_ms": 0.0010302483514754884,
          "fb_mean_ms": 1.025691134482622,
          "fb_std_ms": 0.01444453248166132
        },
        "sdpa": {
          "fwd_mean_ms": 0.4287833324323098,
          "fwd_std_ms": 0.005583119955729686,
          "fb_mean_ms": 1.3641788000861803,
          "fb_std_ms": 0.014708129603685638
        }
      }
    },
    {
      "shape": [
        4,
        2048,
        8,
        8,
        64
      ],
      "backends": {
        "whale_fast": {
          "fwd_mean_ms": 0.08323566673013072,
          "fwd_std_ms": 0.0017966748548612409,
          "fb_mean_ms": 0.49570319994042317,
          "fb_std_ms": 0.026840976749229816
        },
        "fa3": {
          "fwd_mean_ms": 0.09780500000342726,
          "fwd_std_ms": 0.004592367316697965,
          "fb_mean_ms": 0.4056299322595199,
          "fb_std_ms": 0.0050373864383809665
        },
        "sdpa": {
          "fwd_mean_ms": 0.06261453343710552,
          "fwd_std_ms": 0.00024954837843378967,
          "fb_mean_ms": 0.2552735337987542,
          "fb_std_ms": 0.007309501946677506
        }
      }
    },
    {
      "shape": [
        4,
        2048,
        16,
        16,
        64
      ],
      "backends": {
        "whale_fast": {
          "fwd_mean_ms": 0.13601620017240446,
          "fwd_std_ms": 0.0013718868754934283,
          "fb_mean_ms": 0.538372133175532,
          "fb_std_ms": 0.004976352984538707
        },
        "fa3": {
          "fwd_mean_ms": 0.09711360029565791,
          "fwd_std_ms": 0.0019258051345398214,
          "fb_mean_ms": 0.3737207327658931,
          "fb_std_ms": 0.032510699918532296
        },
        "sdpa": {
          "fwd_mean_ms": 0.10380920007204016,
          "fwd_std_ms": 0.001451426043825496,
          "fb_mean_ms": 0.41704433349271613,
          "fb_std_ms": 0.005064784186283451
        }
      }
    },
    {
      "shape": [
        2,
        2048,
        8,
        4,
        128
      ],
      "backends": {
        "whale_fast": {
          "fwd_mean_ms": 0.07632113342018176,
          "fwd_std_ms": 0.0031811949362913284,
          "fb_mean_ms": 0.49200753420591353,
          "fb_std_ms": 0.03787498697400216
        },
        "fa3": {
          "fwd_mean_ms": 0.09011839994539816,
          "fwd_std_ms": 0.001499593204221996,
          "fb_mean_ms": 0.4176787328595917,
          "fb_std_ms": 0.00920691848725849
        },
        "sdpa": {
          "fwd_mean_ms": 0.08188560001241664,
          "fwd_std_ms": 0.00037463339586435164,
          "fb_mean_ms": 0.36199246713270744,
          "fb_std_ms": 0.0057967105423321
        }
      }
    }
  ]
}