{
  "label": "stable_per_t_autotune",
  "device": "NVIDIA H100 80GB HBM3",
  "torch": "2.11.0+cu130",
  "cuda": "13.0",
  "env_fwd": null,
  "env_bkv": null,
  "env_bq": null,
  "rounds": 6,
  "iters_per_round": 80,
  "results": [
    {
      "shape": [
        4,
        1024,
        8,
        4,
        64
      ],
      "backends": {
        "whale_fast": {
          "fwd_mean_ms": 0.07472306663015237,
          "fwd_std_ms": 0.0031774744975998966,
          "fb_mean_ms": 0.4539399328952034,
          "fb_std_ms": 0.006449980779203817
        },
        "fa3": {
          "fwd_mean_ms": 0.08792920002403358,
          "fwd_std_ms": 0.005156814039860888,
          "fb_mean_ms": 0.4139616665740808,
          "fb_std_ms": 0.02161691307444686
        },
        "sdpa": {
          "fwd_mean_ms": 0.05658386667103817,
          "fwd_std_ms": 0.0018980658882425264,
          "fb_mean_ms": 0.3246382666130861,
          "fb_std_ms": 0.0041051860801980715
        }
      }
    },
    {
      "shape": [
        4,
        2048,
        8,
        4,
        64
      ],
      "backends": {
        "whale_fast": {
          "fwd_mean_ms": 0.0816656666342169,
          "fwd_std_ms": 0.000522384143000771,
          "fb_mean_ms": 0.3905639329304298,
          "fb_std_ms": 0.002313751230914198
        },
        "fa3": {
          "fwd_mean_ms": 0.09749126685783267,
          "fwd_std_ms": 0.002925029247043323,
          "fb_mean_ms": 0.3611822004740437,
          "fb_std_ms": 0.007159907236500526
        },
        "sdpa": {
          "fwd_mean_ms": 0.09043073346838355,
          "fwd_std_ms": 0.0004225360225298072,
          "fb_mean_ms": 0.2942908002063632,
          "fb_std_ms": 0.003422492487440536
        }
      }
    },
    {
      "shape": [
        4,
        4096,
        8,
        4,
        64
      ],
      "backends": {
        "whale_fast": {
          "fwd_mean_ms": 0.25863913297653196,
          "fwd_std_ms": 0.00763927613693238,
          "fb_mean_ms": 1.2619425890346367,
          "fb_std_ms": 0.8439019697881296
        },
        "fa3": {
          "fwd_mean_ms": 0.15506893309454123,
          "fwd_std_ms": 0.0011099211959483982,
          "fb_mean_ms": 0.5847800662120184,
          "fb_std_ms": 0.0053244978116233485
        },
        "sdpa": {
          "fwd_mean_ms": 0.24672506659602125,
          "fwd_std_ms": 0.0037585271623570794,
          "fb_mean_ms": 0.8108275997141997,
          "fb_std_ms": 0.010394509940516588
        }
      }
    },
    {
      "shape": [
        2,
        8192,
        8,
        4,
        64
      ],
      "backends": {
        "whale_fast": {
          "fwd_mean_ms": 0.4898723996554812,
          "fwd_std_ms": 0.008717942666784982,
          "fb_mean_ms": 1.7562422009805838,
          "fb_std_ms": 0.016432999839591383
        },
        "fa3": {
          "fwd_mean_ms": 0.2703620668500662,
          "fwd_std_ms": 0.003331704819936671,
          "fb_mean_ms": 1.0218574651827415,
          "fb_std_ms": 0.022675400739147807
        },
        "sdpa": {
          "fwd_mean_ms": 0.4289113337174058,
          "fwd_std_ms": 0.002775563475475011,
          "fb_mean_ms": 1.3675767337282498,
          "fb_std_ms": 0.00972391147223135
        }
      }
    },
    {
      "shape": [
        4,
        2048,
        8,
        8,
        64
      ],
      "backends": {
        "whale_fast": {
          "fwd_mean_ms": 0.0812302000199755,
          "fwd_std_ms": 0.0007355096835455734,
          "fb_mean_ms": 0.38975473313281933,
          "fb_std_ms": 0.003767038447563449
        },
        "fa3": {
          "fwd_mean_ms": 0.09307746677659452,
          "fwd_std_ms": 0.002559047117576669,
          "fb_mean_ms": 0.3399677334353328,
          "fb_std_ms": 0.004763061649737115
        },
        "sdpa": {
          "fwd_mean_ms": 0.06199793338309974,
          "fwd_std_ms": 0.00039081509515663597,
          "fb_mean_ms": 0.23474593333279092,
          "fb_std_ms": 0.0004651270108637469
        }
      }
    },
    {
      "shape": [
        4,
        2048,
        16,
        16,
        64
      ],
      "backends": {
        "whale_fast": {
          "fwd_mean_ms": 0.13568479989965757,
          "fwd_std_ms": 0.0009678464803047506,
          "fb_mean_ms": 0.5332922682166099,
          "fb_std_ms": 0.0024013139500110845
        },
        "fa3": {
          "fwd_mean_ms": 0.09787219994080563,
          "fwd_std_ms": 0.001137929166935334,
          "fb_mean_ms": 0.4225612661490838,
          "fb_std_ms": 0.0036701508568430653
        },
        "sdpa": {
          "fwd_mean_ms": 0.10337040011460583,
          "fwd_std_ms": 0.00047386259274134784,
          "fb_mean_ms": 0.4115222667654355,
          "fb_std_ms": 0.0015050634286554682
        }
      }
    },
    {
      "shape": [
        2,
        2048,
        8,
        4,
        128
      ],
      "backends": {
        "whale_fast": {
          "fwd_mean_ms": 0.07840373349220803,
          "fwd_std_ms": 0.0022099894413040106,
          "fb_mean_ms": 0.38901633353283005,
          "fb_std_ms": 0.006502967809761616
        },
        "fa3": {
          "fwd_mean_ms": 0.09129059991488854,
          "fwd_std_ms": 0.0014966568916531045,
          "fb_mean_ms": 0.36313766657064356,
          "fb_std_ms": 0.005115607999398743
        },
        "sdpa": {
          "fwd_mean_ms": 0.08152740001678466,
          "fwd_std_ms": 0.0005202709590680227,
          "fb_mean_ms": 0.31249126673986516,
          "fb_std_ms": 0.008238421828328983
        }
      }
    }
  ]
}