{
  "label": "stable_best",
  "shape": [
    4,
    2048,
    8,
    4,
    64
  ],
  "device": "NVIDIA H100 80GB HBM3",
  "torch": "2.11.0+cu130",
  "cuda": "13.0",
  "env_fwd": "128,128,4,3",
  "env_bkv": "128,128,8,3",
  "env_bq": "128,128,8,3",
  "rounds": 8,
  "iters_per_round": 100,
  "results": {
    "whale": {
      "fwd_mean_ms": 0.10051456009037793,
      "fwd_std_ms": 0.0005879442581893674,
      "fb_mean_ms": 0.47612896006554367,
      "fb_std_ms": 0.05662744685954984,
      "fwd_rounds": [
        0.10118112027645111,
        0.10134016022086144,
        0.10055072009563445,
        0.10007039979100227,
        0.09971327990293503,
        0.10083871997892857,
        0.1004972805082798,
        0.09992479994893073
      ],
      "fb_rounds": [
        0.6021292802691459,
        0.5166867193579674,
        0.4415779209136963,
        0.45322016060352327,
        0.45244928151369096,
        0.4596063980460167,
        0.44157471984624863,
        0.4417871999740601
      ]
    },
    "fa3": {
      "fwd_mean_ms": 0.09233068005181849,
      "fwd_std_ms": 0.002040502898070279,
      "fb_mean_ms": 0.36675736010074617,
      "fb_std_ms": 0.03752528734333393,
      "fwd_rounds": [
        0.09390944004058838,
        0.09514912009239197,
        0.09071551986038685,
        0.08962368026375771,
        0.09239648036658764,
        0.09463167957961559,
        0.09160608023405076,
        0.09061343997716903
      ],
      "fb_rounds": [
        0.4458086407184601,
        0.40155072063207625,
        0.34668896049261094,
        0.350547199845314,
        0.3430412802100182,
        0.3592435202002525,
        0.3480281588435173,
        0.3391503998637199
      ]
    },
    "sdpa": {
      "fwd_mean_ms": 0.09018691999837757,
      "fwd_std_ms": 0.002347535456440226,
      "fb_mean_ms": 0.30421504024416207,
      "fb_std_ms": 0.02650647760355906,
      "fwd_rounds": [
        0.09408640012145042,
        0.09386624053120612,
        0.08906111992895603,
        0.08885311961174011,
        0.08912607945501805,
        0.08900543980300427,
        0.08900064006447791,
        0.08849632047116757
      ],
      "fb_rounds": [
        0.3686681601405144,
        0.30609279960393904,
        0.29433472007513045,
        0.29119776070117953,
        0.2972403207421303,
        0.29310208052396775,
        0.29160640001296995,
        0.29147808015346527
      ]
    }
  }
}