{
  "label": "stable_fastpath",
  "shape": [
    4,
    2048,
    8,
    4,
    64
  ],
  "device": "NVIDIA H100 80GB HBM3",
  "torch": "2.11.0+cu130",
  "cuda": "13.0",
  "env_fwd": null,
  "env_bkv": null,
  "env_bq": null,
  "rounds": 10,
  "iters_per_round": 100,
  "results": {
    "whale": {
      "fwd_mean_ms": 0.08541286420822143,
      "fwd_std_ms": 0.0025013410941368054,
      "fb_mean_ms": 0.539050272166729,
      "fb_std_ms": 0.052200498049334174,
      "fwd_rounds": [
        0.0882048000395298,
        0.08683616042137146,
        0.08451904013752937,
        0.08739167973399162,
        0.08675488047301769,
        0.08458144001662732,
        0.08245856039226056,
        0.08562272042036057,
        0.08028736032545566,
        0.0874720001220703
      ],
      "fb_rounds": [
        0.4953878417611122,
        0.4909856003522873,
        0.4879321590065956,
        0.4923343992233276,
        0.497773759663105,
        0.5501519998908043,
        0.6256195235252381,
        0.5966800016164779,
        0.579703358411789,
        0.5739340782165527
      ]
    },
    "whale_fast": {
      "fwd_mean_ms": 0.07884854398667812,
      "fwd_std_ms": 0.0010507885215813473,
      "fb_mean_ms": 0.41822019186615944,
      "fb_std_ms": 0.04377041164147428,
      "fwd_rounds": [
        0.07799392007291317,
        0.07896832019090652,
        0.07825696006417275,
        0.07830719955265522,
        0.07823679968714714,
        0.08160256005823613,
        0.07898496001958848,
        0.07896256037056446,
        0.07904511995613575,
        0.07812703989446163
      ],
      "fb_rounds": [
        0.3736924785375595,
        0.38199551939964294,
        0.37798688024282456,
        0.37487104028463364,
        0.37614112079143525,
        0.45272223979234694,
        0.4690035218000412,
        0.4597036784887314,
        0.46098335951566694,
        0.455102079808712
      ]
    },
    "fa3": {
      "fwd_mean_ms": 0.09455910394340754,
      "fwd_std_ms": 0.0030138798677088008,
      "fb_mean_ms": 0.38093699234724043,
      "fb_std_ms": 0.03162294989950173,
      "fwd_rounds": [
        0.09475584022700786,
        0.09642016008496285,
        0.09714144006371499,
        0.09612895973026753,
        0.09490943983197213,
        0.09632864035665989,
        0.09799167975783347,
        0.0929417598247528,
        0.08945247992873191,
        0.08952063962817192
      ],
      "fb_rounds": [
        0.35047039985656736,
        0.35620864003896713,
        0.35295552045106887,
        0.3558716809749603,
        0.35180640101432803,
        0.38143264085054396,
        0.4231830394268036,
        0.4096672013401985,
        0.428356799185276,
        0.39941760033369067
      ]
    },
    "sdpa": {
      "fwd_mean_ms": 0.08891427203267813,
      "fwd_std_ms": 0.0003678782409986778,
      "fb_mean_ms": 0.3151358398199081,
      "fb_std_ms": 0.026569331533261187,
      "fwd_rounds": [
        0.08900608010590076,
        0.08962431967258454,
        0.08863071992993354,
        0.08877760000526905,
        0.08830112040042877,
        0.08884448006749153,
        0.08881952010095119,
        0.08872511990368366,
        0.08927584007382393,
        0.08913792006671428
      ],
      "fb_rounds": [
        0.290205759704113,
        0.290247360765934,
        0.29219839960336685,
        0.2885868799686432,
        0.2895683190226555,
        0.33572639763355255,
        0.34307520151138304,
        0.34606047987937927,
        0.34205439925193787,
        0.33363520085811615
      ]
    }
  }
}