{
  "label": "static_best_v2",
  "device": "NVIDIA H100 80GB HBM3",
  "torch": "2.11.0+cu130",
  "cuda": "13.0",
  "fa3_available": true,
  "warmup": 30,
  "iters": 200,
  "results": [
    {
      "backend": "whale",
      "shape": {
        "B": 4,
        "T": 2048,
        "H": 8,
        "KV": 4,
        "D": 64
      },
      "dtype": "torch.bfloat16",
      "fwd": {
        "mean_ms": 0.09774351987987756,
        "median_ms": 0.09742399677634239,
        "min_ms": 0.09094399958848953,
        "max_ms": 0.17667199671268463,
        "stdev_ms": 0.006238726025144227
      },
      "fwd_bwd": {
        "mean_ms": 0.552053277939558,
        "median_ms": 0.5277760028839111,
        "min_ms": 0.4567039906978607,
        "max_ms": 0.8663039803504944,
        "stdev_ms": 0.07676363079163805
      },
      "err": {
        "fwd_max_abs": 0.0009765625,
        "dq_max_abs": 0.001953125,
        "dk_max_abs": 0.015625,
        "dv_max_abs": 0.03125
      }
    }
  ]
}