{
  "label": "static_bkv_64,64,8,3",
  "device": "NVIDIA H100 80GB HBM3",
  "torch": "2.11.0+cu130",
  "cuda": "13.0",
  "fa3_available": true,
  "warmup": 10,
  "iters": 40,
  "results": [
    {
      "backend": "whale",
      "shape": {
        "B": 4,
        "T": 2048,
        "H": 8,
        "KV": 4,
        "D": 64
      },
      "dtype": "torch.bfloat16",
      "fwd": {
        "mean_ms": 0.07867760006338358,
        "median_ms": 0.07753600180149078,
        "min_ms": 0.0716480016708374,
        "max_ms": 0.15078400075435638,
        "stdev_ms": 0.011976323784016914
      },
      "fwd_bwd": {
        "mean_ms": 0.46789599731564524,
        "median_ms": 0.450080007314682,
        "min_ms": 0.41887998580932617,
        "max_ms": 0.6590399742126465,
        "stdev_ms": 0.05456396331362706
      },
      "err": {
        "fwd_max_abs": 0.00390625,
        "dq_max_abs": 0.00390625,
        "dk_max_abs": 0.015625,
        "dv_max_abs": 0.03125
      }
    }
  ]
}