{
  "label": "static_bkv_128,64,4,3",
  "device": "NVIDIA H100 80GB HBM3",
  "torch": "2.11.0+cu130",
  "cuda": "13.0",
  "fa3_available": true,
  "warmup": 10,
  "iters": 40,
  "results": [
    {
      "backend": "whale",
      "shape": {
        "B": 4,
        "T": 2048,
        "H": 8,
        "KV": 4,
        "D": 64
      },
      "dtype": "torch.bfloat16",
      "fwd": {
        "mean_ms": 0.08001600038260222,
        "median_ms": 0.07711999863386154,
        "min_ms": 0.07174400240182877,
        "max_ms": 0.15612800419330597,
        "stdev_ms": 0.013658633595018626
      },
      "fwd_bwd": {
        "mean_ms": 0.46459039747715,
        "median_ms": 0.44177599251270294,
        "min_ms": 0.4152959883213043,
        "max_ms": 0.6940479874610901,
        "stdev_ms": 0.06435850653543204
      },
      "err": {
        "fwd_max_abs": 0.00390625,
        "dq_max_abs": 0.00390625,
        "dk_max_abs": 0.015625,
        "dv_max_abs": 0.03125
      }
    }
  ]
}