{
  "label": "static_bkv_64,64,4,2",
  "device": "NVIDIA H100 80GB HBM3",
  "torch": "2.11.0+cu130",
  "cuda": "13.0",
  "fa3_available": true,
  "warmup": 10,
  "iters": 40,
  "results": [
    {
      "backend": "whale",
      "shape": {
        "B": 4,
        "T": 2048,
        "H": 8,
        "KV": 4,
        "D": 64
      },
      "dtype": "torch.bfloat16",
      "fwd": {
        "mean_ms": 0.07912400010973215,
        "median_ms": 0.07718399912118912,
        "min_ms": 0.07161600142717361,
        "max_ms": 0.14486399292945862,
        "stdev_ms": 0.01102711801824049
      },
      "fwd_bwd": {
        "mean_ms": 0.4444048009812832,
        "median_ms": 0.4379680007696152,
        "min_ms": 0.4139519929885864,
        "max_ms": 0.5691199898719788,
        "stdev_ms": 0.027400300738593394
      },
      "err": {
        "fwd_max_abs": 0.00390625,
        "dq_max_abs": 0.00390625,
        "dk_max_abs": 0.03125,
        "dv_max_abs": 0.03125
      }
    }
  ]
}