{
  "label": "static_best",
  "device": "NVIDIA H100 80GB HBM3",
  "torch": "2.11.0+cu130",
  "cuda": "13.0",
  "fa3_available": true,
  "warmup": 30,
  "iters": 200,
  "results": [
    {
      "backend": "whale",
      "shape": {
        "B": 4,
        "T": 2048,
        "H": 8,
        "KV": 4,
        "D": 64
      },
      "dtype": "torch.bfloat16",
      "fwd": {
        "mean_ms": 0.09767231997102499,
        "median_ms": 0.09743999689817429,
        "min_ms": 0.08937600255012512,
        "max_ms": 0.16368000209331512,
        "stdev_ms": 0.005505421994958497
      },
      "fwd_bwd": {
        "mean_ms": 0.42360191985964774,
        "median_ms": 0.42286399006843567,
        "min_ms": 0.38387200236320496,
        "max_ms": 0.5831999778747559,
        "stdev_ms": 0.023231565383242316
      },
      "err": {
        "fwd_max_abs": 0.0009765625,
        "dq_max_abs": 0.00390625,
        "dk_max_abs": 0.015625,
        "dv_max_abs": 0.03125
      }
    },
    {
      "backend": "fa3",
      "shape": {
        "B": 4,
        "T": 2048,
        "H": 8,
        "KV": 4,
        "D": 64
      },
      "dtype": "torch.bfloat16",
      "fwd": {
        "mean_ms": 0.09539152015000582,
        "median_ms": 0.08819200098514557,
        "min_ms": 0.08166400343179703,
        "max_ms": 0.17097599804401398,
        "stdev_ms": 0.0174659814340149
      },
      "fwd_bwd": {
        "mean_ms": 0.3950150400400162,
        "median_ms": 0.3882560133934021,
        "min_ms": 0.3669759929180145,
        "max_ms": 0.8715839982032776,
        "stdev_ms": 0.042883800348366904
      },
      "err": {
        "fwd_max_abs": 0.00390625,
        "dq_max_abs": 0.00390625,
        "dk_max_abs": 0.015625,
        "dv_max_abs": 0.03125
      }
    }
  ]
}