{
  "label": "static_bkv_64,64,4,3",
  "device": "NVIDIA H100 80GB HBM3",
  "torch": "2.11.0+cu130",
  "cuda": "13.0",
  "fa3_available": true,
  "warmup": 10,
  "iters": 40,
  "results": [
    {
      "backend": "whale",
      "shape": {
        "B": 4,
        "T": 2048,
        "H": 8,
        "KV": 4,
        "D": 64
      },
      "dtype": "torch.bfloat16",
      "fwd": {
        "mean_ms": 0.0784296004101634,
        "median_ms": 0.0761759988963604,
        "min_ms": 0.07177600264549255,
        "max_ms": 0.14265599846839905,
        "stdev_ms": 0.010869799774131276
      },
      "fwd_bwd": {
        "mean_ms": 0.4426087997853756,
        "median_ms": 0.4382079988718033,
        "min_ms": 0.3986560106277466,
        "max_ms": 0.5565760135650635,
        "stdev_ms": 0.03042540485147495
      },
      "err": {
        "fwd_max_abs": 0.00390625,
        "dq_max_abs": 0.0078125,
        "dk_max_abs": 0.03125,
        "dv_max_abs": 0.03125
      }
    }
  ]
}