{
  "label": "static_bkv_64,128,8,3",
  "device": "NVIDIA H100 80GB HBM3",
  "torch": "2.11.0+cu130",
  "cuda": "13.0",
  "fa3_available": true,
  "warmup": 10,
  "iters": 40,
  "results": [
    {
      "backend": "whale",
      "shape": {
        "B": 4,
        "T": 2048,
        "H": 8,
        "KV": 4,
        "D": 64
      },
      "dtype": "torch.bfloat16",
      "fwd": {
        "mean_ms": 0.07866559997200966,
        "median_ms": 0.07638400048017502,
        "min_ms": 0.07241600006818771,
        "max_ms": 0.13820800185203552,
        "stdev_ms": 0.010333420842315567
      },
      "fwd_bwd": {
        "mean_ms": 0.43221760019659994,
        "median_ms": 0.4239040017127991,
        "min_ms": 0.4094400107860565,
        "max_ms": 0.6595839858055115,
        "stdev_ms": 0.038944146466275864
      },
      "err": {
        "fwd_max_abs": 0.00390625,
        "dq_max_abs": 0.0078125,
        "dk_max_abs": 0.015625,
        "dv_max_abs": 0.03125
      }
    }
  ]
}