{
  "label": "static_bq_128,128,4,3",
  "device": "NVIDIA H100 80GB HBM3",
  "torch": "2.11.0+cu130",
  "cuda": "13.0",
  "fa3_available": true,
  "warmup": 10,
  "iters": 40,
  "results": [
    {
      "backend": "whale",
      "shape": {
        "B": 4,
        "T": 2048,
        "H": 8,
        "KV": 4,
        "D": 64
      },
      "dtype": "torch.bfloat16",
      "fwd": {
        "mean_ms": 0.07925839964300394,
        "median_ms": 0.07686399668455124,
        "min_ms": 0.07119999825954437,
        "max_ms": 0.15334400534629822,
        "stdev_ms": 0.012535972920375421
      },
      "fwd_bwd": {
        "mean_ms": 0.5343488022685051,
        "median_ms": 0.5262400209903717,
        "min_ms": 0.4362879991531372,
        "max_ms": 1.076640009880066,
        "stdev_ms": 0.09591048775015856
      },
      "err": {
        "fwd_max_abs": 0.00390625,
        "dq_max_abs": 0.00390625,
        "dk_max_abs": 0.015625,
        "dv_max_abs": 0.03125
      }
    }
  ]
}