{
  "label": "static_bq_64,64,8,3",
  "device": "NVIDIA H100 80GB HBM3",
  "torch": "2.11.0+cu130",
  "cuda": "13.0",
  "fa3_available": true,
  "warmup": 10,
  "iters": 40,
  "results": [
    {
      "backend": "whale",
      "shape": {
        "B": 4,
        "T": 2048,
        "H": 8,
        "KV": 4,
        "D": 64
      },
      "dtype": "torch.bfloat16",
      "fwd": {
        "mean_ms": 0.0875375997275114,
        "median_ms": 0.08204799890518188,
        "min_ms": 0.07212799787521362,
        "max_ms": 0.1621759980916977,
        "stdev_ms": 0.015898371448362175
      },
      "fwd_bwd": {
        "mean_ms": 0.5457896023988724,
        "median_ms": 0.5334559977054596,
        "min_ms": 0.48688000440597534,
        "max_ms": 0.6832960247993469,
        "stdev_ms": 0.0428085590092418
      },
      "err": {
        "fwd_max_abs": 0.00390625,
        "dq_max_abs": 0.0078125,
        "dk_max_abs": 0.015625,
        "dv_max_abs": 0.03125
      }
    }
  ]
}