{
  "label": "static_bq_64,128,8,4",
  "device": "NVIDIA H100 80GB HBM3",
  "torch": "2.11.0+cu130",
  "cuda": "13.0",
  "fa3_available": true,
  "warmup": 10,
  "iters": 40,
  "results": [
    {
      "backend": "whale",
      "shape": {
        "B": 4,
        "T": 2048,
        "H": 8,
        "KV": 4,
        "D": 64
      },
      "dtype": "torch.bfloat16",
      "fwd": {
        "mean_ms": 0.08042560052126646,
        "median_ms": 0.07740800082683563,
        "min_ms": 0.0727040022611618,
        "max_ms": 0.15811200439929962,
        "stdev_ms": 0.01332875181114265
      },
      "fwd_bwd": {
        "mean_ms": 0.6397791996598243,
        "median_ms": 0.6404799818992615,
        "min_ms": 0.5114880204200745,
        "max_ms": 0.7833600044250488,
        "stdev_ms": 0.07368125230645887
      },
      "err": {
        "fwd_max_abs": 0.00390625,
        "dq_max_abs": 0.00390625,
        "dk_max_abs": 0.015625,
        "dv_max_abs": 0.03125
      }
    }
  ]
}