{
  "label": "static_bkv_128,64,8,3",
  "device": "NVIDIA H100 80GB HBM3",
  "torch": "2.11.0+cu130",
  "cuda": "13.0",
  "fa3_available": true,
  "warmup": 10,
  "iters": 40,
  "results": [
    {
      "backend": "whale",
      "shape": {
        "B": 4,
        "T": 2048,
        "H": 8,
        "KV": 4,
        "D": 64
      },
      "dtype": "torch.bfloat16",
      "fwd": {
        "mean_ms": 0.08041280061006546,
        "median_ms": 0.07648000121116638,
        "min_ms": 0.07155200093984604,
        "max_ms": 0.14243200421333313,
        "stdev_ms": 0.013609862844128117
      },
      "fwd_bwd": {
        "mean_ms": 0.44097679778933524,
        "median_ms": 0.4391680061817169,
        "min_ms": 0.40163201093673706,
        "max_ms": 0.5537279844284058,
        "stdev_ms": 0.023556998967372834
      },
      "err": {
        "fwd_max_abs": 0.00390625,
        "dq_max_abs": 0.00390625,
        "dk_max_abs": 0.015625,
        "dv_max_abs": 0.03125
      }
    }
  ]
}