{
  "label": "static_bkv_128,128,8,4",
  "device": "NVIDIA H100 80GB HBM3",
  "torch": "2.11.0+cu130",
  "cuda": "13.0",
  "fa3_available": true,
  "warmup": 10,
  "iters": 40,
  "results": [
    {
      "backend": "whale",
      "shape": {
        "B": 4,
        "T": 2048,
        "H": 8,
        "KV": 4,
        "D": 64
      },
      "dtype": "torch.bfloat16",
      "fwd": {
        "mean_ms": 0.08181200027465821,
        "median_ms": 0.07761600241065025,
        "min_ms": 0.07334399968385696,
        "max_ms": 0.15862399339675903,
        "stdev_ms": 0.013918837593571912
      },
      "fwd_bwd": {
        "mean_ms": 0.5390015967190266,
        "median_ms": 0.5371679961681366,
        "min_ms": 0.484607994556427,
        "max_ms": 0.6653119921684265,
        "stdev_ms": 0.03580476545961023
      },
      "err": {
        "fwd_max_abs": 0.00390625,
        "dq_max_abs": 0.00390625,
        "dk_max_abs": 0.015625,
        "dv_max_abs": 0.03125
      }
    }
  ]
}