{
  "label": "static_bq_64,64,4,3",
  "device": "NVIDIA H100 80GB HBM3",
  "torch": "2.11.0+cu130",
  "cuda": "13.0",
  "fa3_available": true,
  "warmup": 10,
  "iters": 40,
  "results": [
    {
      "backend": "whale",
      "shape": {
        "B": 4,
        "T": 2048,
        "H": 8,
        "KV": 4,
        "D": 64
      },
      "dtype": "torch.bfloat16",
      "fwd": {
        "mean_ms": 0.09306080024689437,
        "median_ms": 0.08748799934983253,
        "min_ms": 0.07491199672222137,
        "max_ms": 0.16540800034999847,
        "stdev_ms": 0.019086691798135123
      },
      "fwd_bwd": {
        "mean_ms": 0.5901720002293587,
        "median_ms": 0.5815040171146393,
        "min_ms": 0.535423994064331,
        "max_ms": 0.7740160226821899,
        "stdev_ms": 0.04621068123863997
      },
      "err": {
        "fwd_max_abs": 0.00390625,
        "dq_max_abs": 0.015625,
        "dk_max_abs": 0.015625,
        "dv_max_abs": 0.03125
      }
    }
  ]
}