{
  "label": "static_fwd_64,64,4,3",
  "device": "NVIDIA H100 80GB HBM3",
  "torch": "2.11.0+cu130",
  "cuda": "13.0",
  "fa3_available": true,
  "warmup": 10,
  "iters": 40,
  "results": [
    {
      "backend": "whale",
      "shape": {
        "B": 4,
        "T": 2048,
        "H": 8,
        "KV": 4,
        "D": 64
      },
      "dtype": "torch.bfloat16",
      "fwd": {
        "mean_ms": 0.08035599999129772,
        "median_ms": 0.07731200009584427,
        "min_ms": 0.07209599763154984,
        "max_ms": 0.15945599973201752,
        "stdev_ms": 0.013603151734323313
      },
      "fwd_bwd": {
        "mean_ms": 0.43830160051584244,
        "median_ms": 0.43377600610256195,
        "min_ms": 0.40403199195861816,
        "max_ms": 0.5463039875030518,
        "stdev_ms": 0.025061571838518808
      },
      "err": {
        "fwd_max_abs": 0.00390625,
        "dq_max_abs": 0.00390625,
        "dk_max_abs": 0.015625,
        "dv_max_abs": 0.03125
      }
    }
  ]
}