{
  "label": "static_fwd_64,128,4,3",
  "device": "NVIDIA H100 80GB HBM3",
  "torch": "2.11.0+cu130",
  "cuda": "13.0",
  "fa3_available": true,
  "warmup": 10,
  "iters": 40,
  "results": [
    {
      "backend": "whale",
      "shape": {
        "B": 4,
        "T": 2048,
        "H": 8,
        "KV": 4,
        "D": 64
      },
      "dtype": "torch.bfloat16",
      "fwd": {
        "mean_ms": 0.08126959968358279,
        "median_ms": 0.07945600152015686,
        "min_ms": 0.07657600194215775,
        "max_ms": 0.14396800100803375,
        "stdev_ms": 0.010470080388965164
      },
      "fwd_bwd": {
        "mean_ms": 0.43406000137329104,
        "median_ms": 0.41923201084136963,
        "min_ms": 0.37376001477241516,
        "max_ms": 0.6757760047912598,
        "stdev_ms": 0.05574863122742491
      },
      "err": {
        "fwd_max_abs": 0.0009765625,
        "dq_max_abs": 0.001953125,
        "dk_max_abs": 0.015625,
        "dv_max_abs": 0.03125
      }
    }
  ]
}