{
  "label": "static_fwd_128,64,8,4",
  "device": "NVIDIA H100 80GB HBM3",
  "torch": "2.11.0+cu130",
  "cuda": "13.0",
  "fa3_available": true,
  "warmup": 10,
  "iters": 40,
  "results": [
    {
      "backend": "whale",
      "shape": {
        "B": 4,
        "T": 2048,
        "H": 8,
        "KV": 4,
        "D": 64
      },
      "dtype": "torch.bfloat16",
      "fwd": {
        "mean_ms": 0.09087840020656586,
        "median_ms": 0.08884799852967262,
        "min_ms": 0.08169600367546082,
        "max_ms": 0.1608320027589798,
        "stdev_ms": 0.011680199151807909
      },
      "fwd_bwd": {
        "mean_ms": 0.5332312062382698,
        "median_ms": 0.5284480154514313,
        "min_ms": 0.5029439926147461,
        "max_ms": 0.5905920267105103,
        "stdev_ms": 0.019975883015283743
      },
      "err": {
        "fwd_max_abs": 0.00390625,
        "dq_max_abs": 0.00390625,
        "dk_max_abs": 0.015625,
        "dv_max_abs": 0.03125
      }
    }
  ]
}