{
  "label": "static_bq_128,64,4,3",
  "device": "NVIDIA H100 80GB HBM3",
  "torch": "2.11.0+cu130",
  "cuda": "13.0",
  "fa3_available": true,
  "warmup": 10,
  "iters": 40,
  "results": [
    {
      "backend": "whale",
      "shape": {
        "B": 4,
        "T": 2048,
        "H": 8,
        "KV": 4,
        "D": 64
      },
      "dtype": "torch.bfloat16",
      "fwd": {
        "mean_ms": 0.08071200046688318,
        "median_ms": 0.07569600269198418,
        "min_ms": 0.06982400268316269,
        "max_ms": 0.15263999998569489,
        "stdev_ms": 0.015566309316305203
      },
      "fwd_bwd": {
        "mean_ms": 0.5910943955183029,
        "median_ms": 0.586080014705658,
        "min_ms": 0.5256639719009399,
        "max_ms": 0.8653759956359863,
        "stdev_ms": 0.05715299690152868
      },
      "err": {
        "fwd_max_abs": 0.00390625,
        "dq_max_abs": 0.0078125,
        "dk_max_abs": 0.015625,
        "dv_max_abs": 0.03125
      }
    }
  ]
}