{
  "label": "static_fwd_64,64,4,2",
  "device": "NVIDIA H100 80GB HBM3",
  "torch": "2.11.0+cu130",
  "cuda": "13.0",
  "fa3_available": true,
  "warmup": 10,
  "iters": 40,
  "results": [
    {
      "backend": "whale",
      "shape": {
        "B": 4,
        "T": 2048,
        "H": 8,
        "KV": 4,
        "D": 64
      },
      "dtype": "torch.bfloat16",
      "fwd": {
        "mean_ms": 0.08116720002144576,
        "median_ms": 0.07862399891018867,
        "min_ms": 0.0745600014925003,
        "max_ms": 0.1467200070619583,
        "stdev_ms": 0.012007364781355626
      },
      "fwd_bwd": {
        "mean_ms": 0.43115839958190916,
        "median_ms": 0.4283040016889572,
        "min_ms": 0.40832000970840454,
        "max_ms": 0.5234240293502808,
        "stdev_ms": 0.019385579062204013
      },
      "err": {
        "fwd_max_abs": 0.00390625,
        "dq_max_abs": 0.0078125,
        "dk_max_abs": 0.015625,
        "dv_max_abs": 0.03125
      }
    }
  ]
}