{
  "label": "static_bkv_128,128,4,3",
  "device": "NVIDIA H100 80GB HBM3",
  "torch": "2.11.0+cu130",
  "cuda": "13.0",
  "fa3_available": true,
  "warmup": 10,
  "iters": 40,
  "results": [
    {
      "backend": "whale",
      "shape": {
        "B": 4,
        "T": 2048,
        "H": 8,
        "KV": 4,
        "D": 64
      },
      "dtype": "torch.bfloat16",
      "fwd": {
        "mean_ms": 0.07911360021680594,
        "median_ms": 0.0758880004286766,
        "min_ms": 0.07152000069618225,
        "max_ms": 0.15279999375343323,
        "stdev_ms": 0.013032819637343892
      },
      "fwd_bwd": {
        "mean_ms": 0.5470488011837006,
        "median_ms": 0.5373440086841583,
        "min_ms": 0.5102720260620117,
        "max_ms": 0.8346560001373291,
        "stdev_ms": 0.04979495214318175
      },
      "err": {
        "fwd_max_abs": 0.00390625,
        "dq_max_abs": 0.0078125,
        "dk_max_abs": 0.015625,
        "dv_max_abs": 0.03125
      }
    }
  ]
}