{
  "label": "static_bq_128,64,8,4",
  "device": "NVIDIA H100 80GB HBM3",
  "torch": "2.11.0+cu130",
  "cuda": "13.0",
  "fa3_available": true,
  "warmup": 10,
  "iters": 40,
  "results": [
    {
      "backend": "whale",
      "shape": {
        "B": 4,
        "T": 2048,
        "H": 8,
        "KV": 4,
        "D": 64
      },
      "dtype": "torch.bfloat16",
      "fwd": {
        "mean_ms": 0.08072800002992153,
        "median_ms": 0.07809599861502647,
        "min_ms": 0.07363200187683105,
        "max_ms": 0.14345599710941315,
        "stdev_ms": 0.011192121643217107
      },
      "fwd_bwd": {
        "mean_ms": 0.4411751993000507,
        "median_ms": 0.4318400025367737,
        "min_ms": 0.4085119962692261,
        "max_ms": 0.5475199818611145,
        "stdev_ms": 0.030652637000697293
      },
      "err": {
        "fwd_max_abs": 0.00390625,
        "dq_max_abs": 0.00390625,
        "dk_max_abs": 0.015625,
        "dv_max_abs": 0.03125
      }
    }
  ]
}