{
  "label": "static_bkv_64,128,4,3",
  "device": "NVIDIA H100 80GB HBM3",
  "torch": "2.11.0+cu130",
  "cuda": "13.0",
  "fa3_available": true,
  "warmup": 10,
  "iters": 40,
  "results": [
    {
      "backend": "whale",
      "shape": {
        "B": 4,
        "T": 2048,
        "H": 8,
        "KV": 4,
        "D": 64
      },
      "dtype": "torch.bfloat16",
      "fwd": {
        "mean_ms": 0.08376719988882542,
        "median_ms": 0.07865600287914276,
        "min_ms": 0.07308799773454666,
        "max_ms": 0.1658879965543747,
        "stdev_ms": 0.015596774685266787
      },
      "fwd_bwd": {
        "mean_ms": 0.5560592040419579,
        "median_ms": 0.5489600002765656,
        "min_ms": 0.5005760192871094,
        "max_ms": 0.8036479949951172,
        "stdev_ms": 0.050261010160977684
      },
      "err": {
        "fwd_max_abs": 0.00390625,
        "dq_max_abs": 0.00390625,
        "dk_max_abs": 0.015625,
        "dv_max_abs": 0.03125
      }
    }
  ]
}