{
  "label": "static_bkv_128,128,8,3",
  "device": "NVIDIA H100 80GB HBM3",
  "torch": "2.11.0+cu130",
  "cuda": "13.0",
  "fa3_available": true,
  "warmup": 10,
  "iters": 40,
  "results": [
    {
      "backend": "whale",
      "shape": {
        "B": 4,
        "T": 2048,
        "H": 8,
        "KV": 4,
        "D": 64
      },
      "dtype": "torch.bfloat16",
      "fwd": {
        "mean_ms": 0.07960960045456886,
        "median_ms": 0.07587200030684471,
        "min_ms": 0.07161600142717361,
        "max_ms": 0.1579200029373169,
        "stdev_ms": 0.014409331627932096
      },
      "fwd_bwd": {
        "mean_ms": 0.4291559994220734,
        "median_ms": 0.4240960031747818,
        "min_ms": 0.401856005191803,
        "max_ms": 0.5573760271072388,
        "stdev_ms": 0.025710822876613058
      },
      "err": {
        "fwd_max_abs": 0.00390625,
        "dq_max_abs": 0.00390625,
        "dk_max_abs": 0.015625,
        "dv_max_abs": 0.03125
      }
    }
  ]
}