{
  "label": "static_fwd_128,128,8,3",
  "device": "NVIDIA H100 80GB HBM3",
  "torch": "2.11.0+cu130",
  "cuda": "13.0",
  "fa3_available": true,
  "warmup": 10,
  "iters": 40,
  "results": [
    {
      "backend": "whale",
      "shape": {
        "B": 4,
        "T": 2048,
        "H": 8,
        "KV": 4,
        "D": 64
      },
      "dtype": "torch.bfloat16",
      "fwd": {
        "mean_ms": 0.09665600061416627,
        "median_ms": 0.0950240008533001,
        "min_ms": 0.09440000355243683,
        "max_ms": 0.16022400557994843,
        "stdev_ms": 0.010317214828737537
      },
      "fwd_bwd": {
        "mean_ms": 0.4439439997076988,
        "median_ms": 0.43777599930763245,
        "min_ms": 0.40400001406669617,
        "max_ms": 0.5390719771385193,
        "stdev_ms": 0.02730196661489974
      },
      "err": {
        "fwd_max_abs": 0.0009765625,
        "dq_max_abs": 0.001953125,
        "dk_max_abs": 0.015625,
        "dv_max_abs": 0.03125
      }
    }
  ]
}