{
  "label": "static_fwd_64,64,8,3",
  "device": "NVIDIA H100 80GB HBM3",
  "torch": "2.11.0+cu130",
  "cuda": "13.0",
  "fa3_available": true,
  "warmup": 10,
  "iters": 40,
  "results": [
    {
      "backend": "whale",
      "shape": {
        "B": 4,
        "T": 2048,
        "H": 8,
        "KV": 4,
        "D": 64
      },
      "dtype": "torch.bfloat16",
      "fwd": {
        "mean_ms": 0.13994799852371215,
        "median_ms": 0.13841599971055984,
        "min_ms": 0.13356800377368927,
        "max_ms": 0.20656000077724457,
        "stdev_ms": 0.01121831747490737
      },
      "fwd_bwd": {
        "mean_ms": 0.5321055971086025,
        "median_ms": 0.525439977645874,
        "min_ms": 0.4954240024089813,
        "max_ms": 0.6325759887695312,
        "stdev_ms": 0.02880187796716927
      },
      "err": {
        "fwd_max_abs": 0.00390625,
        "dq_max_abs": 0.00390625,
        "dk_max_abs": 0.015625,
        "dv_max_abs": 0.03125
      }
    }
  ]
}