{
  "label": "static_bq_64,128,4,3",
  "device": "NVIDIA H100 80GB HBM3",
  "torch": "2.11.0+cu130",
  "cuda": "13.0",
  "fa3_available": true,
  "warmup": 10,
  "iters": 40,
  "results": [
    {
      "backend": "whale",
      "shape": {
        "B": 4,
        "T": 2048,
        "H": 8,
        "KV": 4,
        "D": 64
      },
      "dtype": "torch.bfloat16",
      "fwd": {
        "mean_ms": 0.07952800001949072,
        "median_ms": 0.07667200267314911,
        "min_ms": 0.07231999933719635,
        "max_ms": 0.14908799529075623,
        "stdev_ms": 0.012843488130944146
      },
      "fwd_bwd": {
        "mean_ms": 0.44269040152430533,
        "median_ms": 0.43694399297237396,
        "min_ms": 0.40166398882865906,
        "max_ms": 0.5733759999275208,
        "stdev_ms": 0.02818433673979565
      },
      "err": {
        "fwd_max_abs": 0.00390625,
        "dq_max_abs": 0.00390625,
        "dk_max_abs": 0.015625,
        "dv_max_abs": 0.03125
      }
    }
  ]
}