{
  "label": "static_fwd_64,128,8,4",
  "device": "NVIDIA H100 80GB HBM3",
  "torch": "2.11.0+cu130",
  "cuda": "13.0",
  "fa3_available": true,
  "warmup": 10,
  "iters": 40,
  "results": [
    {
      "backend": "whale",
      "shape": {
        "B": 4,
        "T": 2048,
        "H": 8,
        "KV": 4,
        "D": 64
      },
      "dtype": "torch.bfloat16",
      "fwd": {
        "mean_ms": 0.16038959994912147,
        "median_ms": 0.15863999724388123,
        "min_ms": 0.1576640009880066,
        "max_ms": 0.23280000686645508,
        "stdev_ms": 0.011753314634223778
      },
      "fwd_bwd": {
        "mean_ms": 0.43179919868707656,
        "median_ms": 0.4285280108451843,
        "min_ms": 0.3822399973869324,
        "max_ms": 0.532800018787384,
        "stdev_ms": 0.02656398966250642
      },
      "err": {
        "fwd_max_abs": 0.0009765625,
        "dq_max_abs": 0.00390625,
        "dk_max_abs": 0.015625,
        "dv_max_abs": 0.03125
      }
    }
  ]
}