{
  "label": "static_bkv_64,128,8,4",
  "device": "NVIDIA H100 80GB HBM3",
  "torch": "2.11.0+cu130",
  "cuda": "13.0",
  "fa3_available": true,
  "warmup": 10,
  "iters": 40,
  "results": [
    {
      "backend": "whale",
      "shape": {
        "B": 4,
        "T": 2048,
        "H": 8,
        "KV": 4,
        "D": 64
      },
      "dtype": "torch.bfloat16",
      "fwd": {
        "mean_ms": 0.07964239995926618,
        "median_ms": 0.07742400094866753,
        "min_ms": 0.07180800288915634,
        "max_ms": 0.14563199877738953,
        "stdev_ms": 0.012187361041305939
      },
      "fwd_bwd": {
        "mean_ms": 0.4570935986936092,
        "median_ms": 0.4301919937133789,
        "min_ms": 0.41411200165748596,
        "max_ms": 0.6734399795532227,
        "stdev_ms": 0.06369471279812709
      },
      "err": {
        "fwd_max_abs": 0.00390625,
        "dq_max_abs": 0.00390625,
        "dk_max_abs": 0.015625,
        "dv_max_abs": 0.03125
      }
    }
  ]
}