{
  "label": "static_fwd_128,64,8,3",
  "device": "NVIDIA H100 80GB HBM3",
  "torch": "2.11.0+cu130",
  "cuda": "13.0",
  "fa3_available": true,
  "warmup": 10,
  "iters": 40,
  "results": [
    {
      "backend": "whale",
      "shape": {
        "B": 4,
        "T": 2048,
        "H": 8,
        "KV": 4,
        "D": 64
      },
      "dtype": "torch.bfloat16",
      "fwd": {
        "mean_ms": 0.08986800033599138,
        "median_ms": 0.08801599964499474,
        "min_ms": 0.08115199953317642,
        "max_ms": 0.15971200168132782,
        "stdev_ms": 0.01160201861509991
      },
      "fwd_bwd": {
        "mean_ms": 0.5115056060254574,
        "median_ms": 0.5078079998493195,
        "min_ms": 0.4705600142478943,
        "max_ms": 0.584384024143219,
        "stdev_ms": 0.02208246760115762
      },
      "err": {
        "fwd_max_abs": 0.00390625,
        "dq_max_abs": 0.00390625,
        "dk_max_abs": 0.015625,
        "dv_max_abs": 0.03125
      }
    }
  ]
}