{
  "label": "static_fwd_128,128,8,4",
  "device": "NVIDIA H100 80GB HBM3",
  "torch": "2.11.0+cu130",
  "cuda": "13.0",
  "fa3_available": true,
  "warmup": 10,
  "iters": 40,
  "results": [
    {
      "backend": "whale",
      "shape": {
        "B": 4,
        "T": 2048,
        "H": 8,
        "KV": 4,
        "D": 64
      },
      "dtype": "torch.bfloat16",
      "fwd": {
        "mean_ms": 0.1007975995540619,
        "median_ms": 0.09868799895048141,
        "min_ms": 0.09628800302743912,
        "max_ms": 0.1839040070772171,
        "stdev_ms": 0.013541727838935242
      },
      "fwd_bwd": {
        "mean_ms": 0.4643272005021572,
        "median_ms": 0.45238399505615234,
        "min_ms": 0.4219200015068054,
        "max_ms": 0.5575360059738159,
        "stdev_ms": 0.0318400047539617
      },
      "err": {
        "fwd_max_abs": 0.0009765625,
        "dq_max_abs": 0.001953125,
        "dk_max_abs": 0.03125,
        "dv_max_abs": 0.03125
      }
    }
  ]
}