{
  "label": "longt_auto",
  "device": "NVIDIA H100 80GB HBM3",
  "torch": "2.11.0+cu130",
  "cuda": "13.0",
  "env_fwd": null,
  "env_bkv": null,
  "env_bq": null,
  "rounds": 15,
  "iters_per_round": 300,
  "results": [
    {
      "shape": [
        4,
        4096,
        8,
        4,
        64
      ],
      "backends": {
        "whale_fast": {
          "fwd_mean_ms": 0.2454198186430666,
          "fwd_std_ms": 0.0010576611909644484,
          "fb_mean_ms": 0.90806927646531,
          "fb_std_ms": 0.0036856539472538
        },
        "fa3": {
          "fwd_mean_ms": 0.15532494218150775,
          "fwd_std_ms": 0.0007732645863521605,
          "fb_mean_ms": 0.5963753885560565,
          "fb_std_ms": 0.002029500798755739
        },
        "sdpa": {
          "fwd_mean_ms": 0.23871878394815657,
          "fwd_std_ms": 0.002201291251772086,
          "fb_mean_ms": 0.7906697034570905,
          "fb_std_ms": 0.00546688832213493
        }
      }
    },
    {
      "shape": [
        2,
        8192,
        8,
        4,
        64
      ],
      "backends": {
        "whale_fast": {
          "fwd_mean_ms": 0.4745400530695915,
          "fwd_std_ms": 0.0021776723446521712,
          "fb_mean_ms": 1.7456780806912315,
          "fb_std_ms": 0.008654624695963887
        },
        "fa3": {
          "fwd_mean_ms": 0.2785682134959433,
          "fwd_std_ms": 0.0036641861403608014,
          "fb_mean_ms": 1.0479044057528177,
          "fb_std_ms": 0.005850036484888419
        },
        "sdpa": {
          "fwd_mean_ms": 0.4056376534435484,
          "fwd_std_ms": 0.0030347607774005862,
          "fb_mean_ms": 1.3568916421466404,
          "fb_std_ms": 0.004771163327457688
        }
      }
    }
  ]
}