{
  "label": "longt_fused_delta",
  "device": "NVIDIA H100 80GB HBM3",
  "torch": "2.11.0+cu130",
  "cuda": "13.0",
  "env_fwd": null,
  "env_bkv": null,
  "env_bq": null,
  "rounds": 15,
  "iters_per_round": 300,
  "results": [
    {
      "shape": [
        4,
        4096,
        8,
        4,
        64
      ],
      "backends": {
        "whale_fast": {
          "fwd_mean_ms": 0.2451535431543986,
          "fwd_std_ms": 0.0007627614455969013,
          "fb_mean_ms": 1.092283442179362,
          "fb_std_ms": 0.001379570565921121
        },
        "fa3": {
          "fwd_mean_ms": 0.15286921229958533,
          "fwd_std_ms": 0.0011269813680846342,
          "fb_mean_ms": 0.5992580980062485,
          "fb_std_ms": 0.00760854014502075
        },
        "sdpa": {
          "fwd_mean_ms": 0.23764887459079426,
          "fwd_std_ms": 0.0011657033685120862,
          "fb_mean_ms": 0.7928744747638703,
          "fb_std_ms": 0.0014944182453879768
        }
      }
    },
    {
      "shape": [
        2,
        8192,
        8,
        4,
        64
      ],
      "backends": {
        "whale_fast": {
          "fwd_mean_ms": 0.47446791811784106,
          "fwd_std_ms": 0.0015944267476197258,
          "fb_mean_ms": 2.0774490247302584,
          "fb_std_ms": 0.003146823528434281
        },
        "fa3": {
          "fwd_mean_ms": 0.27272532638576297,
          "fwd_std_ms": 0.004048987949455027,
          "fb_mean_ms": 1.0394683592054579,
          "fb_std_ms": 0.0048790746815775025
        },
        "sdpa": {
          "fwd_mean_ms": 0.4132905032634735,
          "fwd_std_ms": 0.004132598461898186,
          "fb_mean_ms": 1.3714887758890788,
          "fb_std_ms": 0.0049765766729558325
        }
      }
    }
  ]
}