{
  "label": "longt_baseline",
  "device": "NVIDIA H100 80GB HBM3",
  "torch": "2.11.0+cu130",
  "cuda": "13.0",
  "env_fwd": null,
  "env_bkv": null,
  "env_bq": null,
  "rounds": 15,
  "iters_per_round": 300,
  "results": [
    {
      "shape": [
        4,
        4096,
        8,
        4,
        64
      ],
      "backends": {
        "whale_fast": {
          "fwd_mean_ms": 0.24595035018192396,
          "fwd_std_ms": 0.0016435751704087633,
          "fb_mean_ms": 0.9115152284304301,
          "fb_std_ms": 0.003722595539090588
        },
        "fa3": {
          "fwd_mean_ms": 0.15505671128961776,
          "fwd_std_ms": 0.001114310112927713,
          "fb_mean_ms": 0.5972968393829133,
          "fb_std_ms": 0.0024036322589085684
        },
        "sdpa": {
          "fwd_mean_ms": 0.24002295475535923,
          "fwd_std_ms": 0.0018032897046094676,
          "fb_mean_ms": 0.7903249142037497,
          "fb_std_ms": 0.0015085385316806858
        }
      }
    },
    {
      "shape": [
        2,
        8192,
        8,
        4,
        64
      ],
      "backends": {
        "whale_fast": {
          "fwd_mean_ms": 0.4758020694255829,
          "fwd_std_ms": 0.001900271237285785,
          "fb_mean_ms": 1.750888589700063,
          "fb_std_ms": 0.009346265893510739
        },
        "fa3": {
          "fwd_mean_ms": 0.28160894576708473,
          "fwd_std_ms": 0.0026758674095397356,
          "fb_mean_ms": 1.0488053401178783,
          "fb_std_ms": 0.005667725497621558
        },
        "sdpa": {
          "fwd_mean_ms": 0.4086205509371228,
          "fwd_std_ms": 0.004344653218317633,
          "fb_mean_ms": 1.360356806622611,
          "fb_std_ms": 0.006924138852253312
        }
      }
    }
  ]
}