{
  "label": "p3_kv_128_128_8_2",
  "device": "NVIDIA H100 80GB HBM3",
  "torch": "2.11.0+cu130",
  "cuda": "13.0",
  "env_fwd": null,
  "env_bkv": "128,128,8,2",
  "env_bq": null,
  "rounds": 10,
  "iters_per_round": 200,
  "results": [
    {
      "shape": [
        2,
        8192,
        8,
        4,
        64
      ],
      "backends": {
        "whale_fast": {
          "fwd_mean_ms": 0.4914901439100504,
          "fwd_std_ms": 0.001685549532103455,
          "fb_mean_ms": 1.8389082714915275,
          "fb_std_ms": 0.0015452191952912918
        },
        "fa3": {
          "fwd_mean_ms": 0.26990552012622354,
          "fwd_std_ms": 0.002444312824996175,
          "fb_mean_ms": 1.0354304154217242,
          "fb_std_ms": 0.005079344533859711
        }
      }
    }
  ]
}