{
  "label": "hybrid_2_4096_8_4_64",
  "device": "NVIDIA H100 80GB HBM3",
  "torch": "2.11.0+cu130",
  "cuda": "13.0",
  "env_fwd": null,
  "env_bkv": null,
  "env_bq": null,
  "rounds": 40,
  "iters_per_round": 800,
  "results": [
    {
      "shape": [
        2,
        4096,
        8,
        4,
        64
      ],
      "backends": {
        "whale_fast": {
          "fwd_mean_ms": 0.14300465002376586,
          "fwd_std_ms": 0.0006837463936746527,
          "fb_mean_ms": 0.5327435810361058,
          "fb_std_ms": 0.008481005852630327
        },
        "whale_hybrid": {
          "fwd_mean_ms": 0.14314158501382918,
          "fwd_std_ms": 0.0006710831743328778,
          "fb_mean_ms": 0.37347819801419974,
          "fb_std_ms": 0.01501611597580348
        },
        "fa3": {
          "fwd_mean_ms": 0.09513993599778041,
          "fwd_std_ms": 0.00639981788009703,
          "fb_mean_ms": 0.4197733470518142,
          "fb_std_ms": 0.032907512407848415
        }
      }
    }
  ]
}