{
  "label": "hybrid_2_2048_8_4_64",
  "device": "NVIDIA H100 80GB HBM3",
  "torch": "2.11.0+cu130",
  "cuda": "13.0",
  "env_fwd": null,
  "env_bkv": null,
  "env_bq": null,
  "rounds": 40,
  "iters_per_round": 800,
  "results": [
    {
      "shape": [
        2,
        2048,
        8,
        4,
        64
      ],
      "backends": {
        "whale_fast": {
          "fwd_mean_ms": 0.07459391300275456,
          "fwd_std_ms": 0.0021559007815773815,
          "fb_mean_ms": 0.4302182450033724,
          "fb_std_ms": 0.03292639778275981
        },
        "whale_hybrid": {
          "fwd_mean_ms": 0.07410675201448612,
          "fwd_std_ms": 0.0019497083734621944,
          "fb_mean_ms": 0.3247785739507526,
          "fb_std_ms": 0.022067376514706524
        },
        "fa3": {
          "fwd_mean_ms": 0.0890405640155077,
          "fwd_std_ms": 0.010624974689019974,
          "fb_mean_ms": 0.38444826603028925,
          "fb_std_ms": 0.026288381597844784
        }
      }
    }
  ]
}