{
  "config": {
    "batch_size": 8,
    "compile": false,
    "compile_mode": "reduce-overhead",
    "dtype": "bfloat16",
    "model_dims": [
      512
    ],
    "num_heads": 8,
    "num_kv_heads": 4,
    "qk_gain_init": 5.25,
    "rope_base": 10000.0,
    "rope_dims": 16,
    "seq_len": 2048,
    "suite": "core",
    "timed_iters": 20,
    "warmup_iters": 5
  },
  "results": [
    {
      "backend": "custom",
      "batch_size": 8,
      "cold_ms": 1951.937727004406,
      "head_dim": 64,
      "mode": "eager",
      "model_dim": 512,
      "num_heads": 8,
      "num_kv_heads": 4,
      "rope_dims": 16,
      "seq_len": 2048,
      "stage": "core",
      "timed": {
        "max_ms": 0.5037309892941266,
        "mean_ms": 0.49101164913736284,
        "median_ms": 0.4928189955535345,
        "min_ms": 0.4810899990843609,
        "p95_ms": 0.49785900046117604,
        "stdev_ms": 0.005804418983746194
      },
      "tok_per_s": 33367843.77475431,
      "total_tokens": 16384,
      "warmup": {
        "max_ms": 0.6002279988024384,
        "mean_ms": 0.5165855982340872,
        "median_ms": 0.4981789970770478,
        "min_ms": 0.4889470001216978,
        "p95_ms": 0.6002279988024384,
        "stdev_ms": 0.042001800572351096
      }
    }
  ],
  "runtime": {
    "backend": "custom",
    "backend_meta": {
      "custom_callable": "vault.whale_kernel_triton:custom_whale_attn_fwd",
      "custom_spec": "vault.whale_kernel_triton:custom_whale_attn_fwd",
      "fa3_available": false
    },
    "cuda": "13.0",
    "device": "cuda",
    "device_name": "NVIDIA GB10",
    "fa3_available": false,
    "python": "3.13.12",
    "torch": "2.11.0+cu130"
  }
}
