{
  "label": "micro_2_2048_8_4_64",
  "device": "NVIDIA H100 80GB HBM3",
  "torch": "2.11.0+cu130",
  "cuda": "13.0",
  "env_fwd": null,
  "env_bkv": null,
  "env_bq": null,
  "rounds": 30,
  "iters_per_round": 600,
  "results": [
    {
      "shape": [
        2,
        2048,
        8,
        4,
        64
      ],
      "backends": {
        "whale_fast": {
          "fwd_mean_ms": 0.07439927824814287,
          "fwd_std_ms": 0.0017211471288425964,
          "fb_mean_ms": 0.42490493163466453,
          "fb_std_ms": 0.03441723591221049
        },
        "fa3": {
          "fwd_mean_ms": 0.08670655999581019,
          "fwd_std_ms": 0.002310623626394644,
          "fb_mean_ms": 0.3837544266515308,
          "fb_std_ms": 0.024971724614665326
        }
      }
    }
  ]
}