{
  "label": "headline_fused_delta",
  "device": "NVIDIA H100 80GB HBM3",
  "torch": "2.11.0+cu130",
  "cuda": "13.0",
  "env_fwd": null,
  "env_bkv": null,
  "env_bq": null,
  "rounds": 15,
  "iters_per_round": 300,
  "results": [
    {
      "shape": [
        4,
        2048,
        8,
        4,
        64
      ],
      "backends": {
        "whale_fast": {
          "fwd_mean_ms": 0.07665194670028157,
          "fwd_std_ms": 0.0003282557330014043,
          "fb_mean_ms": 0.35926441241635215,
          "fb_std_ms": 0.005076930580801957
        },
        "fa3": {
          "fwd_mean_ms": 0.08930055110156536,
          "fwd_std_ms": 0.003201728221644398,
          "fb_mean_ms": 0.35275241241852445,
          "fb_std_ms": 0.0077262800714781536
        },
        "sdpa": {
          "fwd_mean_ms": 0.08803690667450428,
          "fwd_std_ms": 0.0002434646327392231,
          "fb_mean_ms": 0.2931174328658316,
          "fb_std_ms": 0.0026867181397288095
        }
      }
    }
  ]
}