{
  "label": "sweep_fused_delta",
  "device": "NVIDIA H100 80GB HBM3",
  "torch": "2.11.0+cu130",
  "cuda": "13.0",
  "env_fwd": null,
  "env_bkv": null,
  "env_bq": null,
  "rounds": 15,
  "iters_per_round": 300,
  "results": [
    {
      "shape": [
        4,
        1024,
        8,
        4,
        64
      ],
      "backends": {
        "whale_fast": {
          "fwd_mean_ms": 0.07848176357150077,
          "fwd_std_ms": 0.011119160962703522,
          "fb_mean_ms": 0.35737302741739485,
          "fb_std_ms": 0.007964795397442184
        },
        "fa3": {
          "fwd_mean_ms": 0.08762279816302988,
          "fwd_std_ms": 0.006951060422078943,
          "fb_mean_ms": 0.348787121421761,
          "fb_std_ms": 0.005466912396519439
        },
        "sdpa": {
          "fwd_mean_ms": 0.05493837508559227,
          "fwd_std_ms": 0.0011454351212845906,
          "fb_mean_ms": 0.28617693872915373,
          "fb_std_ms": 0.004915989722026097
        }
      }
    },
    {
      "shape": [
        4,
        2048,
        8,
        4,
        64
      ],
      "backends": {
        "whale_fast": {
          "fwd_mean_ms": 0.07795515019529396,
          "fwd_std_ms": 0.0008394280175543855,
          "fb_mean_ms": 0.374286648829778,
          "fb_std_ms": 0.021880524839822984
        },
        "fa3": {
          "fwd_mean_ms": 0.09397309156590038,
          "fwd_std_ms": 0.00733438916232431,
          "fb_mean_ms": 0.3946667732927534,
          "fb_std_ms": 0.049867875958698675
        },
        "sdpa": {
          "fwd_mean_ms": 0.08842035210960442,
          "fwd_std_ms": 0.0004402738033352694,
          "fb_mean_ms": 0.32547886929909386,
          "fb_std_ms": 0.025223231776829617
        }
      }
    },
    {
      "shape": [
        4,
        4096,
        8,
        4,
        64
      ],
      "backends": {
        "whale_fast": {
          "fwd_mean_ms": 0.2444842880864938,
          "fwd_std_ms": 0.001628488575532557,
          "fb_mean_ms": 1.0923173757923974,
          "fb_std_ms": 0.002052459628274675
        },
        "fa3": {
          "fwd_mean_ms": 0.15304386132955553,
          "fwd_std_ms": 0.0010073874210675367,
          "fb_mean_ms": 0.5974582758082284,
          "fb_std_ms": 0.0011915105501533305
        },
        "sdpa": {
          "fwd_mean_ms": 0.23881631290250355,
          "fwd_std_ms": 0.002376167062055429,
          "fb_mean_ms": 0.7910094364881516,
          "fb_std_ms": 0.0011747566594081695
        }
      }
    },
    {
      "shape": [
        2,
        8192,
        8,
        4,
        64
      ],
      "backends": {
        "whale_fast": {
          "fwd_mean_ms": 0.47553368181652494,
          "fwd_std_ms": 0.0016591870410202607,
          "fb_mean_ms": 2.0650530784924825,
          "fb_std_ms": 0.004070247855467035
        },
        "fa3": {
          "fwd_mean_ms": 0.2744245193137063,
          "fwd_std_ms": 0.0029934439374128875,
          "fb_mean_ms": 1.0431314857138527,
          "fb_std_ms": 0.008412089786441796
        },
        "sdpa": {
          "fwd_mean_ms": 0.41137284284830095,
          "fwd_std_ms": 0.00613091193350349,
          "fb_mean_ms": 1.3685060913827685,
          "fb_std_ms": 0.005977961662096103
        }
      }
    },
    {
      "shape": [
        4,
        2048,
        8,
        8,
        64
      ],
      "backends": {
        "whale_fast": {
          "fwd_mean_ms": 0.07791616714662976,
          "fwd_std_ms": 0.0010268150110041988,
          "fb_mean_ms": 0.37153939909405176,
          "fb_std_ms": 0.006897018092733154
        },
        "fa3": {
          "fwd_mean_ms": 0.09281755020552211,
          "fwd_std_ms": 0.00180517713894012,
          "fb_mean_ms": 0.34434185232718784,
          "fb_std_ms": 0.007009289712988884
        },
        "sdpa": {
          "fwd_mean_ms": 0.061255196428961226,
          "fwd_std_ms": 0.00013927237569752863,
          "fb_mean_ms": 0.2352569955156909,
          "fb_std_ms": 0.00033115633262804467
        }
      }
    },
    {
      "shape": [
        4,
        2048,
        16,
        16,
        64
      ],
      "backends": {
        "whale_fast": {
          "fwd_mean_ms": 0.1310549048466815,
          "fwd_std_ms": 0.00038361601625263854,
          "fb_mean_ms": 0.551173951652315,
          "fb_std_ms": 0.0012196197174732773
        },
        "fa3": {
          "fwd_mean_ms": 0.09410585598647594,
          "fwd_std_ms": 0.0032091417440350623,
          "fb_mean_ms": 0.36482997324731614,
          "fb_std_ms": 0.02570748886090594
        },
        "sdpa": {
          "fwd_mean_ms": 0.10485771381358305,
          "fwd_std_ms": 0.0022343883681733376,
          "fb_mean_ms": 0.41192324281401105,
          "fb_std_ms": 0.001291876804891928
        }
      }
    },
    {
      "shape": [
        2,
        2048,
        8,
        4,
        128
      ],
      "backends": {
        "whale_fast": {
          "fwd_mean_ms": 0.07647795910388232,
          "fwd_std_ms": 0.002412755394015652,
          "fb_mean_ms": 0.48415763207276663,
          "fb_std_ms": 0.0006793789606439418
        },
        "fa3": {
          "fwd_mean_ms": 0.08897200357913972,
          "fwd_std_ms": 0.0018228345600642137,
          "fb_mean_ms": 0.37410712889167996,
          "fb_std_ms": 0.005304050939098813
        },
        "sdpa": {
          "fwd_mean_ms": 0.07982926223509841,
          "fwd_std_ms": 0.00017185565925714706,
          "fb_mean_ms": 0.32218999462657505,
          "fb_std_ms": 0.006646923426200735
        }
      }
    }
  ]
}