{
  "label": "sweep_fused_bwd",
  "device": "NVIDIA H100 80GB HBM3",
  "torch": "2.11.0+cu130",
  "cuda": "13.0",
  "env_fwd": null,
  "env_bkv": null,
  "env_bq": null,
  "rounds": 15,
  "iters_per_round": 300,
  "results": [
    {
      "shape": [
        4,
        1024,
        8,
        4,
        64
      ],
      "backends": {
        "whale_fast": {
          "fwd_mean_ms": 0.07491681418319543,
          "fwd_std_ms": 0.0011401763609117156,
          "fb_mean_ms": 0.3776024394830068,
          "fb_std_ms": 0.018771540149833035
        },
        "fa3": {
          "fwd_mean_ms": 0.08698773326476415,
          "fwd_std_ms": 0.0022233155319302195,
          "fb_mean_ms": 0.3983324944840537,
          "fb_std_ms": 0.033213262873374144
        },
        "sdpa": {
          "fwd_mean_ms": 0.056562360868685775,
          "fwd_std_ms": 0.002176466956952006,
          "fb_mean_ms": 0.31503946661949156,
          "fb_std_ms": 0.014318260445591771
        }
      }
    },
    {
      "shape": [
        4,
        2048,
        8,
        4,
        64
      ],
      "backends": {
        "whale_fast": {
          "fwd_mean_ms": 0.07906220094197326,
          "fwd_std_ms": 0.004098510817550857,
          "fb_mean_ms": 0.706552312625779,
          "fb_std_ms": 0.0005308725741092685
        },
        "fa3": {
          "fwd_mean_ms": 0.09629279995130167,
          "fwd_std_ms": 0.005282913854392022,
          "fb_mean_ms": 0.37015236946609287,
          "fb_std_ms": 0.006552228993918478
        },
        "sdpa": {
          "fwd_mean_ms": 0.08803891210258007,
          "fwd_std_ms": 0.0008401082051114657,
          "fb_mean_ms": 0.3170505741039912,
          "fb_std_ms": 0.007357668963239022
        }
      }
    },
    {
      "shape": [
        4,
        4096,
        8,
        4,
        64
      ],
      "backends": {
        "whale_fast": {
          "fwd_mean_ms": 0.24439389152990448,
          "fwd_std_ms": 0.0006964764246683603,
          "fb_mean_ms": 2.1221886088053385,
          "fb_std_ms": 0.0026974031507940852
        },
        "fa3": {
          "fwd_mean_ms": 0.15165934231877326,
          "fwd_std_ms": 0.0008256808608661214,
          "fb_mean_ms": 0.5937916521496243,
          "fb_std_ms": 0.0018006308459173068
        },
        "sdpa": {
          "fwd_mean_ms": 0.23709765693214205,
          "fwd_std_ms": 0.0006579461874892283,
          "fb_mean_ms": 0.789675364057223,
          "fb_std_ms": 0.009564771634612319
        }
      }
    },
    {
      "shape": [
        2,
        8192,
        8,
        4,
        64
      ],
      "backends": {
        "whale_fast": {
          "fwd_mean_ms": 0.4815116374956237,
          "fwd_std_ms": 0.0044820816533793955,
          "fb_mean_ms": 3.919871259901259,
          "fb_std_ms": 0.005377379661667109
        },
        "fa3": {
          "fwd_mean_ms": 0.27043470221757887,
          "fwd_std_ms": 0.003990346097869718,
          "fb_mean_ms": 1.0298677334255641,
          "fb_std_ms": 0.00222103160659081
        },
        "sdpa": {
          "fwd_mean_ms": 0.4055724658038881,
          "fwd_std_ms": 0.003867448844188857,
          "fb_mean_ms": 1.3676888602574666,
          "fb_std_ms": 0.0071232128195067275
        }
      }
    },
    {
      "shape": [
        4,
        2048,
        8,
        8,
        64
      ],
      "backends": {
        "whale_fast": {
          "fwd_mean_ms": 0.08495067732698387,
          "fwd_std_ms": 0.01658344440920609,
          "fb_mean_ms": 0.6447394696341621,
          "fb_std_ms": 0.0014506183937430068
        },
        "fa3": {
          "fwd_mean_ms": 0.09612914494011138,
          "fwd_std_ms": 0.006050131362893865,
          "fb_mean_ms": 0.3720725759400262,
          "fb_std_ms": 0.028531743201098192
        },
        "sdpa": {
          "fwd_mean_ms": 0.06088022754838069,
          "fwd_std_ms": 0.0002903831539060139,
          "fb_mean_ms": 0.2436743750207954,
          "fb_std_ms": 0.017470534401067474
        }
      }
    },
    {
      "shape": [
        4,
        2048,
        16,
        16,
        64
      ],
      "backends": {
        "whale_fast": {
          "fwd_mean_ms": 0.13092259549266763,
          "fwd_std_ms": 0.0003547943670460782,
          "fb_mean_ms": 1.1540296545558506,
          "fb_std_ms": 0.0012158182361777772
        },
        "fa3": {
          "fwd_mean_ms": 0.09631435392465856,
          "fwd_std_ms": 0.0028193655342821384,
          "fb_mean_ms": 0.34966968214511873,
          "fb_std_ms": 0.009376484426903165
        },
        "sdpa": {
          "fwd_mean_ms": 0.10562455475330353,
          "fwd_std_ms": 0.0013947967916764607,
          "fb_mean_ms": 0.41069319121042885,
          "fb_std_ms": 0.0022287546624250375
        }
      }
    },
    {
      "shape": [
        2,
        2048,
        8,
        4,
        128
      ],
      "backends": {
        "whale_fast": {
          "fwd_mean_ms": 0.07507291023847129,
          "fwd_std_ms": 0.0015145681483817947,
          "fb_mean_ms": 1.1136788337760501,
          "fb_std_ms": 0.002409091490029801
        },
        "fa3": {
          "fwd_mean_ms": 0.08874261328246859,
          "fwd_std_ms": 0.0009352700963225338,
          "fb_mean_ms": 0.3678837475710445,
          "fb_std_ms": 0.006860760289074092
        },
        "sdpa": {
          "fwd_mean_ms": 0.07921197513076994,
          "fwd_std_ms": 0.0002911366613634663,
          "fb_mean_ms": 0.3168388552599483,
          "fb_std_ms": 0.0068637257273526705
        }
      }
    }
  ]
}